U,A_j,alpha,threshold,mean_corr,median_corr,std_corr
0.9,0.0,0.0,0.1,0.0038658707730633147,-6.563016168174503e-5,0.027847798224472448
0.6,0.0,0.0,0.1,0.0006248963992726472,-0.0005842803557844651,0.02990967960792699
0.3,0.0,0.0,0.1,-0.002888997983338446,-0.005696116548186601,0.025581676940128813
0.9,0.5,0.0,0.1,0.4943114916553169,0.4880740404236483,0.19873845074864535
0.6,0.5,0.0,0.1,0.42928450100066684,0.4292705621361526,0.13930837922407371
0.3,0.5,0.0,0.1,0.38358631741794946,0.39826498430248947,0.13612727332743552
0.9,1.0,0.0,0.1,0.4227510758146103,0.40959184092115586,0.20183947769418253
0.6,1.0,0.0,0.1,0.42641636732481664,0.447961374449658,0.14226575217383325
0.3,1.0,0.0,0.1,0.3505457237411404,0.3518198241677445,0.10908104057286881
0.9,1.5,0.0,0.1,0.45842729768087637,0.42811428000577845,0.18572700915004528
0.6,1.5,0.0,0.1,0.3875835432989318,0.38347489443824456,0.13748768159833147
0.3,1.5,0.0,0.1,0.30068607483941145,0.29926270977235625,0.1061680580142683
0.9,2.0,0.0,0.1,0.45167866351157526,0.46692471662034407,0.21470435841918148
0.6,2.0,0.0,0.1,0.3666131775944286,0.35088735585482644,0.12984387350130777
0.3,2.0,0.0,0.1,0.3140605961230913,0.3002051471042284,0.11110375459182702
0.9,2.5,0.0,0.1,0.4165208123312676,0.42061044802427633,0.18285421617632303
0.6,2.5,0.0,0.1,0.33200566997318953,0.3178831903101564,0.12251427625941308
0.3,2.5,0.0,0.1,0.2961718486468894,0.2908272413728797,0.10533071287012864
0.9,3.0,0.0,0.1,0.419948055141901,0.4319197916222476,0.18176397729669613
0.6,3.0,0.0,0.1,0.3167362804947539,0.29517727823714146,0.1382058228840545
0.3,3.0,0.0,0.1,0.25991025675566704,0.24754379216502645,0.09742660697940823
0.9,3.5,0.0,0.1,0.3573228381949046,0.36772987398096574,0.1604558421303033
0.6,3.5,0.0,0.1,0.30099684206074845,0.2866553514520985,0.11437942415160028
0.3,3.5,0.0,0.1,0.24004333888890897,0.23621744005580422,0.10410105625873678
0.9,4.0,0.0,0.1,0.3513093344943969,0.3322485193608262,0.15859264625272934
0.6,4.0,0.0,0.1,0.2813150674022841,0.2699364281583351,0.12269167577083952
0.3,4.0,0.0,0.1,0.20594664584446792,0.2052780332914058,0.09017168182223641
0.9,4.5,0.0,0.1,0.3277964861128336,0.304925329736014,0.1514176422373665
0.6,4.5,0.0,0.1,0.2608153242043037,0.2661339888475377,0.11496697822183918
0.3,4.5,0.0,0.1,0.2043254816940301,0.20844294361773125,0.09084151257274432
0.9,5.0,0.0,0.1,0.3595324402301089,0.34232003890783663,0.15710678110361145
0.6,5.0,0.0,0.1,0.2504717531259808,0.23305242283679123,0.1090353434268055
0.3,5.0,0.0,0.1,0.19547582449870782,0.19585405590975524,0.08937580198659169
0.9,0.0,0.25,0.1,-0.0013089018566415456,0.000532806751037111,0.024262952907653085
0.6,0.0,0.25,0.1,-0.0016608794876156888,0.0005330177373206287,0.027904311119917324
0.3,0.0,0.25,0.1,-0.0033497696219281104,-0.00488962933531028,0.02608231247658992
0.9,0.5,0.25,0.1,0.47295233181750057,0.4729713378707907,0.173241487052556
0.6,0.5,0.25,0.1,0.4100724258957084,0.41104878266397593,0.15215448652227875
0.3,0.5,0.25,0.1,0.37848991620967004,0.3888341474761883,0.13696098126490966
0.9,1.0,0.25,0.1,0.4756411374113105,0.46256335215571487,0.18766221278220271
0.6,1.0,0.25,0.1,0.3821215624004083,0.3784490261087177,0.13778235381587645
0.3,1.0,0.25,0.1,0.3644265604047307,0.3662927016804912,0.13247976767724737
0.9,1.5,0.25,0.1,0.44778172089295987,0.4592316737396631,0.1785473595403196
0.6,1.5,0.25,0.1,0.3826031100477932,0.37918316953422937,0.1404854300273284
0.3,1.5,0.25,0.1,0.34950465866929986,0.3655532901229245,0.1224134109704841
0.9,2.0,0.25,0.1,0.4091840528180902,0.39613488697569543,0.16415037188359619
0.6,2.0,0.25,0.1,0.37306344038334915,0.36145361913231894,0.13494908735688227
0.3,2.0,0.25,0.1,0.2797338677996748,0.27181716536824985,0.11835866430104415
0.9,2.5,0.25,0.1,0.4167980741144867,0.4273484484592751,0.17634846861917122
0.6,2.5,0.25,0.1,0.34198553804120224,0.3190804046458794,0.13159119315357198
0.3,2.5,0.25,0.1,0.2812478845879192,0.27774476787582825,0.11296343658996645
0.9,3.0,0.25,0.1,0.4068525131227216,0.41128431445286695,0.16629916088266264
0.6,3.0,0.25,0.1,0.32614072241145453,0.3439735110023393,0.14013783984659695
0.3,3.0,0.25,0.1,0.2704185597035674,0.25761451265421575,0.10288049176019447
0.9,3.5,0.25,0.1,0.3705241492762824,0.3785911288947915,0.16456684915683226
0.6,3.5,0.25,0.1,0.2912454988370964,0.27875927704529974,0.11803120342807087
0.3,3.5,0.25,0.1,0.24045830747139363,0.24347649359784007,0.09794939880315728
0.9,4.0,0.25,0.1,0.357152763683002,0.34201063361756123,0.1568591666903808
0.6,4.0,0.25,0.1,0.2711643584080018,0.25458659573174947,0.12090242344312276
0.3,4.0,0.25,0.1,0.21308605762424368,0.2029201405805255,0.09830540641956367
0.9,4.5,0.25,0.1,0.30804873798256033,0.2941998511730596,0.15199531009009742
0.6,4.5,0.25,0.1,0.2625672468783705,0.2420607994980455,0.11450027962270276
0.3,4.5,0.25,0.1,0.19648055208133416,0.19652475756326418,0.09664024022411588
0.9,5.0,0.25,0.1,0.34646381231587425,0.335665158767123,0.1429342363289256
0.6,5.0,0.25,0.1,0.24914585638420353,0.25366295330659144,0.10433260961100835
0.3,5.0,0.25,0.1,0.19017942037075927,0.18591260264987577,0.08698970937367186
0.9,0.0,0.5,0.1,0.00043602500666957075,0.0009862330925550023,0.026736576894561728
0.6,0.0,0.5,0.1,0.0021247208966652747,0.0028301316118389515,0.023648088252680256
0.3,0.0,0.5,0.1,-0.0011182485495696407,-0.004825739902841887,0.02469383549912819
0.9,0.5,0.5,0.1,0.4831728410471739,0.5019080002056077,0.17545365040227034
0.6,0.5,0.5,0.1,0.4199573718494483,0.42076366479199656,0.1343292330361457
0.3,0.5,0.5,0.1,0.36744228609103396,0.36900870969086674,0.12011910585759143
0.9,1.0,0.5,0.1,0.46790271823350343,0.4552938111665386,0.1718552720360469
0.6,1.0,0.5,0.1,0.42393686580489076,0.4401427673209204,0.13553605930356052
0.3,1.0,0.5,0.1,0.3600078071590647,0.36596767761134646,0.12119005747477031
0.9,1.5,0.5,0.1,0.46396146359154317,0.4745965947716789,0.18477182496176672
0.6,1.5,0.5,0.1,0.394151872590313,0.3751144947187705,0.13681921521443743
0.3,1.5,0.5,0.1,0.3311245436898418,0.32952181171161266,0.12116248893996837
0.9,2.0,0.5,0.1,0.43944609502148635,0.43371419697802566,0.17072636136698505
0.6,2.0,0.5,0.1,0.3654497525081034,0.38365067688505605,0.13649162823206887
0.3,2.0,0.5,0.1,0.2882384076848409,0.2867608931905311,0.11318073436765988
0.9,2.5,0.5,0.1,0.4188433071701237,0.43140520814200706,0.17604127418041912
0.6,2.5,0.5,0.1,0.34275299637359025,0.338810491449434,0.1310732768774053
0.3,2.5,0.5,0.1,0.2714369181638836,0.26665652836382536,0.11963665905528645
0.9,3.0,0.5,0.1,0.3847626478989058,0.37453444898999466,0.16951685488155485
0.6,3.0,0.5,0.1,0.3325140001601475,0.309870927434753,0.13519952755900844
0.3,3.0,0.5,0.1,0.2502858856977223,0.23833096184938735,0.1095302989805287
0.9,3.5,0.5,0.1,0.4028214382575759,0.3897863195847804,0.17909891444296652
0.6,3.5,0.5,0.1,0.3088065224801748,0.27792321165839035,0.13839945432071005
0.3,3.5,0.5,0.1,0.24097453667507057,0.2263051181127924,0.11119099275909754
0.9,4.0,0.5,0.1,0.3660562627942943,0.3653069557698711,0.16084794602009914
0.6,4.0,0.5,0.1,0.2736296731488719,0.24953233421680618,0.13453682831522645
0.3,4.0,0.5,0.1,0.2372830101556634,0.2235678351664854,0.09598906090113551
0.9,4.5,0.5,0.1,0.31776081471347967,0.2838554494491802,0.16806461966028874
0.6,4.5,0.5,0.1,0.26406601332090723,0.25744650174121825,0.10974879687245867
0.3,4.5,0.5,0.1,0.19481474093941326,0.18580317912829925,0.08772301279648886
0.9,5.0,0.5,0.1,0.3086840424695703,0.28098531306203617,0.15313972565061462
0.6,5.0,0.5,0.1,0.24979542941360142,0.2297708555009047,0.11599206442742059
0.3,5.0,0.5,0.1,0.18845887590325824,0.18830169722604198,0.08837416960837205
0.9,0.0,0.75,0.1,-0.0032653447002879386,-0.00463791571383149,0.027377075426984386
0.6,0.0,0.75,0.1,-0.004742898374528082,-0.005892664435112237,0.025694651921862585
0.3,0.0,0.75,0.1,-0.002679009577342354,-0.006272382691018064,0.025562376718073456
0.9,0.5,0.75,0.1,0.5029521824325974,0.5343461643181633,0.16168922976817784
0.6,0.5,0.75,0.1,0.4472199781463808,0.4312610288347391,0.13756851309390403
0.3,0.5,0.75,0.1,0.40819949112994885,0.437399598402627,0.12701869858093462
0.9,1.0,0.75,0.1,0.4900869860331599,0.48529133298202515,0.17885651860089358
0.6,1.0,0.75,0.1,0.42016824363532884,0.42424856763655494,0.15191443987040168
0.3,1.0,0.75,0.1,0.36171071415784056,0.3593897603085864,0.12139606135743035
0.9,1.5,0.75,0.1,0.46071380781347737,0.445053644400109,0.18754705274965996
0.6,1.5,0.75,0.1,0.38989764454885695,0.39292308713431845,0.16203323881509404
0.3,1.5,0.75,0.1,0.3313256950311609,0.34609168783622346,0.1101415248102135
0.9,2.0,0.75,0.1,0.4429808873974775,0.4435821642652741,0.16141299142766513
0.6,2.0,0.75,0.1,0.33919358800593485,0.3309051584928867,0.126942361549538
0.3,2.0,0.75,0.1,0.2961317558688173,0.29574374189141506,0.11051062951307954
0.9,2.5,0.75,0.1,0.38743000021775553,0.3721838481194027,0.18701245845599618
0.6,2.5,0.75,0.1,0.3374193477995449,0.33661756430123296,0.13424297008299785
0.3,2.5,0.75,0.1,0.2786808983706114,0.2714658868271221,0.11574445844448572
0.9,3.0,0.75,0.1,0.3933193085962008,0.3827880830096887,0.16051158530545848
0.6,3.0,0.75,0.1,0.3065823761200744,0.29670111457681647,0.13599902249925902
0.3,3.0,0.75,0.1,0.2467825743284096,0.23468993815477582,0.11955685952616317
0.9,3.5,0.75,0.1,0.3653140477819469,0.36116825105143596,0.17072989387255744
0.6,3.5,0.75,0.1,0.2899462170026579,0.2730197190849202,0.12658772097022641
0.3,3.5,0.75,0.1,0.24055552641874214,0.2237433853992998,0.11208366986887164
0.9,4.0,0.75,0.1,0.37102944497494944,0.34878129002429425,0.17972674537604533
0.6,4.0,0.75,0.1,0.26540094226554706,0.2564496474616481,0.11048813057936928
0.3,4.0,0.75,0.1,0.2126908655040384,0.19491324774729168,0.09680138744096689
0.9,4.5,0.75,0.1,0.3167835985123758,0.2966237681652811,0.1674962181518774
0.6,4.5,0.75,0.1,0.26660008482857955,0.2633485011757168,0.11949828525422439
0.3,4.5,0.75,0.1,0.2009306866308034,0.1849636772019121,0.09892286798609884
0.9,5.0,0.75,0.1,0.3468820029579348,0.32724814668306745,0.16520444873326248
0.6,5.0,0.75,0.1,0.23567062252429552,0.23629832372030957,0.11394981701414075
0.3,5.0,0.75,0.1,0.18606421349121607,0.1853728374848186,0.08297216554495561
0.9,0.0,1.0,0.1,-0.0013750634875065739,-0.0064291829859798606,0.029034044847007716
0.6,0.0,1.0,0.1,0.0009211849508590793,-0.0004336273899909113,0.02615190413249863
0.3,0.0,1.0,0.1,0.0031705614816289803,-0.00017640897626607755,0.024432164718362088
0.9,0.5,1.0,0.1,0.4909257272220159,0.4819392136703372,0.18233075782452304
0.6,0.5,1.0,0.1,0.4316295523629254,0.440365999108008,0.14577962868401195
0.3,0.5,1.0,0.1,0.36344666890732164,0.35968309276972743,0.1363994270647971
0.9,1.0,1.0,0.1,0.4922915891664371,0.4920343549365639,0.18661045226470832
0.6,1.0,1.0,0.1,0.3870032625985725,0.38532776039473304,0.15334922904001513
0.3,1.0,1.0,0.1,0.34457733607679714,0.344832343118172,0.1337065993290433
0.9,1.5,1.0,0.1,0.43832910042146545,0.4452568839769404,0.1752463301056606
0.6,1.5,1.0,0.1,0.37962933942617555,0.36371811046971314,0.14013863519599198
0.3,1.5,1.0,0.1,0.3227255173315609,0.3169590128678115,0.11490657157085332
0.9,2.0,1.0,0.1,0.45364188501547903,0.4266937729748008,0.18375176216442038
0.6,2.0,1.0,0.1,0.3481996923687364,0.33585498240379197,0.1204476703027502
0.3,2.0,1.0,0.1,0.3031047527261434,0.2993963375202673,0.11320072231158736
0.9,2.5,1.0,0.1,0.4477473200668328,0.42444187933966104,0.19484479014812264
0.6,2.5,1.0,0.1,0.3498569131528116,0.34410057329748744,0.1369778531462903
0.3,2.5,1.0,0.1,0.2761119479204619,0.2651292446480157,0.11207601797216941
0.9,3.0,1.0,0.1,0.37142853195222775,0.3709189871029245,0.15806147850880156
0.6,3.0,1.0,0.1,0.33998036739447846,0.32473777127810277,0.12604990456611434
0.3,3.0,1.0,0.1,0.2783129178190321,0.2787123825585598,0.11673023135912743
0.9,3.5,1.0,0.1,0.3711579298631692,0.3755840621405483,0.16971380285549725
0.6,3.5,1.0,0.1,0.3031756362855522,0.29458736233754834,0.12831644820581337
0.3,3.5,1.0,0.1,0.24495701292283845,0.2327078817000524,0.1118537734182903
0.9,4.0,1.0,0.1,0.3575961912253039,0.3746306967325059,0.1510503167335321
0.6,4.0,1.0,0.1,0.29749597500995195,0.292754621625749,0.11813416066657326
0.3,4.0,1.0,0.1,0.22491032507543918,0.22598405655283382,0.09225716461421572
0.9,4.5,1.0,0.1,0.3214222025606596,0.308711657684303,0.14959537250269897
0.6,4.5,1.0,0.1,0.2559533856584078,0.253391802800513,0.11326015721272167
0.3,4.5,1.0,0.1,0.2060358568417919,0.19069549153874765,0.10720701604958174
0.9,5.0,1.0,0.1,0.33237076652986,0.3040425663048953,0.16402656542690053
0.6,5.0,1.0,0.1,0.24678880026268765,0.24982263176799774,0.11566709184383998
0.3,5.0,1.0,0.1,0.1874553244885058,0.1894939917273738,0.08862962316702316
0.9,0.0,0.0,0.2,-0.002477365720208981,-0.004011357425065542,0.027352480703528043
0.6,0.0,0.0,0.2,-0.006518880429229571,-0.005280297646018265,0.0245304831037743
0.3,0.0,0.0,0.2,-0.0044886752236311354,-0.007449228854747281,0.025608518599065825
0.9,0.5,0.0,0.2,0.4748692670419872,0.49372060104643833,0.186827880312529
0.6,0.5,0.0,0.2,0.4180412156042669,0.4267092117771509,0.14582075913820539
0.3,0.5,0.0,0.2,0.38898350469602866,0.3806607459049588,0.12085525285984203
0.9,1.0,0.0,0.2,0.47457563237203154,0.4680599015301535,0.18637719355685728
0.6,1.0,0.0,0.2,0.415364088124057,0.4148278219707843,0.15229619118847168
0.3,1.0,0.0,0.2,0.35552773835580737,0.34063549882633737,0.13510279475601658
0.9,1.5,0.0,0.2,0.4760257209720466,0.4691384522323313,0.16923907868949703
0.6,1.5,0.0,0.2,0.37516482296528,0.35643285927844903,0.13923677560204487
0.3,1.5,0.0,0.2,0.34763401601882704,0.34885225355169713,0.11558777123697246
0.9,2.0,0.0,0.2,0.430263120097765,0.4519851543939054,0.1671214429189744
0.6,2.0,0.0,0.2,0.33621814544958056,0.33662941026765225,0.12937724570804068
0.3,2.0,0.0,0.2,0.28710145893422784,0.2691856306659052,0.11726601287387964
0.9,2.5,0.0,0.2,0.41323681001941936,0.4109736896521863,0.15171354859513986
0.6,2.5,0.0,0.2,0.3403392032531139,0.330556792546976,0.12716687306367272
0.3,2.5,0.0,0.2,0.2759173223987267,0.28570926842462646,0.09795636444735757
0.9,3.0,0.0,0.2,0.3868144264800615,0.3801620417620158,0.16492088446279582
0.6,3.0,0.0,0.2,0.29648316592222795,0.2933685861113683,0.11451395227837131
0.3,3.0,0.0,0.2,0.2492712419953772,0.25011494409016516,0.11350683132078924
0.9,3.5,0.0,0.2,0.3599920243817783,0.3537758273815035,0.17038077806022653
0.6,3.5,0.0,0.2,0.31378052744179225,0.29420128884502117,0.13558443865360234
0.3,3.5,0.0,0.2,0.23278454955885242,0.22831921256784143,0.11265314038028035
0.9,4.0,0.0,0.2,0.3334099954778393,0.32080398809724364,0.1635289825682955
0.6,4.0,0.0,0.2,0.28073715426610035,0.2783750045114634,0.11292045543050988
0.3,4.0,0.0,0.2,0.21829577804012665,0.20501457008416485,0.10639324301447733
0.9,4.5,0.0,0.2,0.34171660079840743,0.3247061138416535,0.153859179223467
0.6,4.5,0.0,0.2,0.25843283915143467,0.2545466579893024,0.11346966890539513
0.3,4.5,0.0,0.2,0.19708290968431874,0.1835430708290628,0.09190088998142655
0.9,5.0,0.0,0.2,0.3098879441903776,0.28590578401705247,0.17047668512087139
0.6,5.0,0.0,0.2,0.2532965380650091,0.2332814439578197,0.10958866224692826
0.3,5.0,0.0,0.2,0.17866763481216727,0.16988663322151382,0.08594744300152894
0.9,0.0,0.25,0.2,0.004568919016363757,0.001762606469642458,0.026921021432169685
0.6,0.0,0.25,0.2,-0.002359685193415915,-0.004796555199991288,0.02796428829163794
0.3,0.0,0.25,0.2,-0.0039066551467417995,-0.002624193011525465,0.024897021035337148
0.9,0.5,0.25,0.2,0.4760669324434299,0.45719733513896443,0.18229757729044221
0.6,0.5,0.25,0.2,0.4385276287011412,0.4451061032286071,0.14965626592242925
0.3,0.5,0.25,0.2,0.3909916016048325,0.3794412805338997,0.1372360303636858
0.9,1.0,0.25,0.2,0.48170374458888354,0.4963917023640232,0.16946221866322395
0.6,1.0,0.25,0.2,0.40463852141777434,0.39861870431951085,0.1419672763410048
0.3,1.0,0.25,0.2,0.371516453078412,0.36232438765646313,0.1323276363863283
0.9,1.5,0.25,0.2,0.46325141690971117,0.4676975310125923,0.1892332244423203
0.6,1.5,0.25,0.2,0.3759283414685533,0.3605839036698119,0.13165561148519225
0.3,1.5,0.25,0.2,0.3289072734321956,0.34419494028059205,0.1246383020276039
0.9,2.0,0.25,0.2,0.43964045443890143,0.4127440743065576,0.17985001469635964
0.6,2.0,0.25,0.2,0.34675179923414395,0.32625831824704843,0.15390009157505663
0.3,2.0,0.25,0.2,0.3008498184245718,0.2851104322252097,0.11455418721452625
0.9,2.5,0.25,0.2,0.39880657475426323,0.3993104074858932,0.16464846399985214
0.6,2.5,0.25,0.2,0.34004571747075935,0.3127322893438872,0.14410922219725236
0.3,2.5,0.25,0.2,0.2952045841170168,0.29287702962079604,0.10808721071287557
0.9,3.0,0.25,0.2,0.4093412755985211,0.4158397433412342,0.16556283108254222
0.6,3.0,0.25,0.2,0.3013312382215772,0.29098004708770253,0.12273921946938918
0.3,3.0,0.25,0.2,0.2545428944705702,0.24379150715700515,0.11356043795701076
0.9,3.5,0.25,0.2,0.36996704296056926,0.36215132988000476,0.14508149916307256
0.6,3.5,0.25,0.2,0.3034545235816668,0.2878235562011655,0.13024856510210062
0.3,3.5,0.25,0.2,0.23236734328169242,0.21823261160977714,0.10188874065176688
0.9,4.0,0.25,0.2,0.35270705230957583,0.3274478916212906,0.16380923670784914
0.6,4.0,0.25,0.2,0.2713720904705075,0.2704075245246248,0.11849006968415453
0.3,4.0,0.25,0.2,0.2123232288679328,0.20192272833184394,0.09129780094915874
0.9,4.5,0.25,0.2,0.3665851263748233,0.3724749397476267,0.1643245053530829
0.6,4.5,0.25,0.2,0.26483296335775647,0.2554703578231686,0.11602078816728595
0.3,4.5,0.25,0.2,0.21138779037426952,0.208530220164592,0.09016152440349902
0.9,5.0,0.25,0.2,0.3171011681819681,0.3095124152042163,0.1507650423827903
0.6,5.0,0.25,0.2,0.24697733080220555,0.23687562602637083,0.1099266976956682
0.3,5.0,0.25,0.2,0.19323717500789436,0.19288328761534435,0.09417514020757678
0.9,0.0,0.5,0.2,0.0017905404581883744,-0.0021221152924823733,0.02369908626002046
0.6,0.0,0.5,0.2,0.000375493612373525,0.0013950310105622778,0.03023054180243597
0.3,0.0,0.5,0.2,0.0013072890920232546,0.0018938266288848612,0.029624643944165238
0.9,0.5,0.5,0.2,0.5152155700579719,0.5091866397540468,0.18757409543629985
0.6,0.5,0.5,0.2,0.4401381587284314,0.42652043544626095,0.13767289856782328
0.3,0.5,0.5,0.2,0.3600259466068491,0.34457242160897295,0.1270982696194087
0.9,1.0,0.5,0.2,0.4793518913806862,0.4802299572565647,0.1637962782250792
0.6,1.0,0.5,0.2,0.4258902994083968,0.43036359654513634,0.13808670648723706
0.3,1.0,0.5,0.2,0.363229498914806,0.374923273818057,0.12822057232465867
0.9,1.5,0.5,0.2,0.481321080281296,0.4965794956097549,0.18559558410378954
0.6,1.5,0.5,0.2,0.3789355708169784,0.36355437198118745,0.14167554425961443
0.3,1.5,0.5,0.2,0.32863032210961324,0.3256323100880554,0.1203074756451446
0.9,2.0,0.5,0.2,0.42239038919876853,0.4099406674193345,0.18524289411248304
0.6,2.0,0.5,0.2,0.33904279781049185,0.3439369203345186,0.1327696326245211
0.3,2.0,0.5,0.2,0.3031073015736611,0.2946448276327271,0.11439794896438835
0.9,2.5,0.5,0.2,0.4226047553255826,0.4087563458092401,0.1594718948550059
0.6,2.5,0.5,0.2,0.346072741488506,0.34398034321723076,0.12790559167781893
0.3,2.5,0.5,0.2,0.2771062209972693,0.26632633105986425,0.11277471878716781
0.9,3.0,0.5,0.2,0.414405369625559,0.3868700242003926,0.19292043224233849
0.6,3.0,0.5,0.2,0.32490133991204745,0.3068448548182879,0.1229926377183853
0.3,3.0,0.5,0.2,0.2552487338740951,0.24615278763980675,0.10626689257348304
0.9,3.5,0.5,0.2,0.36013799732962076,0.36895602145669226,0.1714262854333049
0.6,3.5,0.5,0.2,0.3008376550710082,0.2822253153705089,0.1307509901182534
0.3,3.5,0.5,0.2,0.24125383831112082,0.23335368527462402,0.09884285430698313
0.9,4.0,0.5,0.2,0.3349713338254261,0.3054325012711601,0.17219806639952376
0.6,4.0,0.5,0.2,0.2812469376065348,0.26089983668480543,0.11889060674566732
0.3,4.0,0.5,0.2,0.20715839802787506,0.20728419787988736,0.09050153046897229
0.9,4.5,0.5,0.2,0.3149372969046279,0.3049686303621947,0.14567693419752903
0.6,4.5,0.5,0.2,0.24960026204934493,0.22472203206722244,0.12636309023554446
0.3,4.5,0.5,0.2,0.20729637780268695,0.20605179192006684,0.09719434956525447
0.9,5.0,0.5,0.2,0.303524648472929,0.26288111300639716,0.16624046129777484
0.6,5.0,0.5,0.2,0.24012810279461633,0.22391197306021912,0.10918885269338571
0.3,5.0,0.5,0.2,0.19582452813567644,0.18888990600937178,0.09146740547510711
0.9,0.0,0.75,0.2,0.004584600824646391,0.002737713645012984,0.027369982350082582
0.6,0.0,0.75,0.2,0.0041024131704674935,0.006263810023954601,0.024808516267122695
0.3,0.0,0.75,0.2,0.0015458327822383525,0.0044950318358802956,0.025819343911017464
0.9,0.5,0.75,0.2,0.5148064468032186,0.5253635333861636,0.18557706236599048
0.6,0.5,0.75,0.2,0.42500809711417986,0.4177417041068011,0.15965742248604142
0.3,0.5,0.75,0.2,0.3791842522232646,0.3767910904119829,0.12498677652060189
0.9,1.0,0.75,0.2,0.43939802288216084,0.43457805498868973,0.18196577688904794
0.6,1.0,0.75,0.2,0.40715922455774284,0.4104230496396435,0.12913226973263336
0.3,1.0,0.75,0.2,0.34124715818318696,0.3447135207839863,0.11680280841653556
0.9,1.5,0.75,0.2,0.46091689388955664,0.46098004591544983,0.1803747517256273
0.6,1.5,0.75,0.2,0.3557763694999151,0.3482672927089093,0.12818090478747515
0.3,1.5,0.75,0.2,0.32128044917807036,0.3028218257423153,0.12710550675786894
0.9,2.0,0.75,0.2,0.407896629627692,0.4034350588683399,0.17016648561668288
0.6,2.0,0.75,0.2,0.3570602375909153,0.3340927511161089,0.1516754426549558
0.3,2.0,0.75,0.2,0.31021299454536494,0.313593483347003,0.11640339604197265
0.9,2.5,0.75,0.2,0.4263696679749747,0.40155464538777086,0.17728639482444736
0.6,2.5,0.75,0.2,0.34507228727906003,0.3240995422634235,0.1402921174383357
0.3,2.5,0.75,0.2,0.2794979470315061,0.280525900374141,0.11156518190588
0.9,3.0,0.75,0.2,0.38162937184345,0.37599604771338146,0.15712679046702818
0.6,3.0,0.75,0.2,0.309978263206875,0.2938364602212723,0.13607511415311818
0.3,3.0,0.75,0.2,0.25102774356864715,0.2484265536999997,0.10101045444758876
0.9,3.5,0.75,0.2,0.3848764059849033,0.37805289579291435,0.16152463833064934
0.6,3.5,0.75,0.2,0.3222131854871158,0.3239916303439014,0.12981932319323572
0.3,3.5,0.75,0.2,0.2486069884946563,0.23979681799997357,0.10283665706522847
0.9,4.0,0.75,0.2,0.34893687047052063,0.31762844296538695,0.16284121227211437
0.6,4.0,0.75,0.2,0.29171180653834144,0.28279826143727416,0.1173209605807739
0.3,4.0,0.75,0.2,0.23014462448759276,0.2122173746257659,0.10099808244597984
0.9,4.5,0.75,0.2,0.320825236228671,0.30110852892619644,0.16102725132627294
0.6,4.5,0.75,0.2,0.24520838574796205,0.23569357874038616,0.12082286099083349
0.3,4.5,0.75,0.2,0.19384840076426066,0.1933521761893725,0.07795814297249047
0.9,5.0,0.75,0.2,0.329955516723331,0.2946083697764227,0.1667016059281949
0.6,5.0,0.75,0.2,0.2547004871388572,0.25530000944945896,0.11613398487658624
0.3,5.0,0.75,0.2,0.18371732172690663,0.1741572228097998,0.08644626391341614
0.9,0.0,1.0,0.2,0.0014864896930254403,-0.0006824000379229596,0.02222884463683351
0.6,0.0,1.0,0.2,-0.0038934486530900793,-0.006637739993718847,0.0289689813025406
0.3,0.0,1.0,0.2,0.002185358348858763,0.0014667824052578614,0.02382498031152565
0.9,0.5,1.0,0.2,0.47070476749286094,0.4551776054632639,0.1909332369658784
0.6,0.5,1.0,0.2,0.39777367614704323,0.4032801407600562,0.15996006805957275
0.3,0.5,1.0,0.2,0.3735696412511597,0.3846989449186572,0.12287802156533827
0.9,1.0,1.0,0.2,0.4697252895522437,0.4756126469120097,0.18196211766152495
0.6,1.0,1.0,0.2,0.38632216139759135,0.3691737121597658,0.1499073227186044
0.3,1.0,1.0,0.2,0.35490698267143356,0.3521362678394153,0.12005702199754271
0.9,1.5,1.0,0.2,0.4527376948334918,0.4478773764705696,0.17887555149389936
0.6,1.5,1.0,0.2,0.353726166091441,0.3487923145054931,0.14314422870969087
0.3,1.5,1.0,0.2,0.3179843690950853,0.31017750310504455,0.1206383758308272
0.9,2.0,1.0,0.2,0.40327294470748987,0.42269862344606235,0.16890056384831817
0.6,2.0,1.0,0.2,0.3525547049348644,0.33976494528763396,0.1443277021832214
0.3,2.0,1.0,0.2,0.3086501477337718,0.31220892811225787,0.11405213061867886
0.9,2.5,1.0,0.2,0.4089615988545504,0.40188878866094657,0.1705574143999339
0.6,2.5,1.0,0.2,0.34339032311643897,0.3287690266450647,0.12780552591576283
0.3,2.5,1.0,0.2,0.26158488955729453,0.25048768599586363,0.09305589224689333
0.9,3.0,1.0,0.2,0.40995222262866676,0.3949940761167883,0.17218316372519954
0.6,3.0,1.0,0.2,0.3099846809109708,0.29978869429673993,0.12056600108288468
0.3,3.0,1.0,0.2,0.2742913085671294,0.25587858281279263,0.09725811807884213
0.9,3.5,1.0,0.2,0.3823329772463614,0.36810185458325806,0.17569644297916928
0.6,3.5,1.0,0.2,0.3003287514191391,0.2778712764193618,0.11432000183327347
0.3,3.5,1.0,0.2,0.2373038405559981,0.23998452011057383,0.11570023643093903
0.9,4.0,1.0,0.2,0.3741693840534513,0.37587173969001264,0.15901137888140632
0.6,4.0,1.0,0.2,0.27708524645591337,0.2522662764444481,0.1279890091572224
0.3,4.0,1.0,0.2,0.22479249608647867,0.2147987477178953,0.08738427946862674
0.9,4.5,1.0,0.2,0.34735637633283845,0.3462396076391363,0.14992583166324727
0.6,4.5,1.0,0.2,0.2639045968968829,0.2642263443427456,0.11118646231155274
0.3,4.5,1.0,0.2,0.204226549282861,0.20011936391536256,0.10258789153232754
0.9,5.0,1.0,0.2,0.3091786520265507,0.30378731684178206,0.13015512577414876
0.6,5.0,1.0,0.2,0.24805383351661742,0.2331925580616918,0.1013705001867625
0.3,5.0,1.0,0.2,0.18503586927961396,0.1760264279127155,0.08728538222907996
0.9,0.0,0.0,0.3,-0.00196711727396787,-0.0045597293638882826,0.025357724692040742
0.6,0.0,0.0,0.3,-0.0018944257333790182,-0.006385554731148465,0.024359551326118854
0.3,0.0,0.0,0.3,-0.0003056470695249317,-0.0015761389718238193,0.02901755882720978
0.9,0.5,0.0,0.3,0.4921816070225824,0.4767567359187302,0.19107886894014192
0.6,0.5,0.0,0.3,0.4228609010728616,0.42779123548098363,0.15379109987547337
0.3,0.5,0.0,0.3,0.37864527204601345,0.3801734428930973,0.1319316653904808
0.9,1.0,0.0,0.3,0.470068503922827,0.45336461929197985,0.1798626365827113
0.6,1.0,0.0,0.3,0.38870842405684913,0.388643587614128,0.15120342162964395
0.3,1.0,0.0,0.3,0.3531485710592688,0.3389418268363409,0.11427491353541652
0.9,1.5,0.0,0.3,0.4561204049295464,0.47250805380857497,0.1820075478056504
0.6,1.5,0.0,0.3,0.3876866562994901,0.3857338198699104,0.14387015108135867
0.3,1.5,0.0,0.3,0.3393614323675002,0.3379907967854425,0.11255089903260602
0.9,2.0,0.0,0.3,0.4286272410656711,0.4329855508809942,0.1793860966526552
0.6,2.0,0.0,0.3,0.3713369447008123,0.36174692788790164,0.14317065841006957
0.3,2.0,0.0,0.3,0.28977733026952884,0.2789228611807769,0.11896162341974902
0.9,2.5,0.0,0.3,0.4145781872222145,0.3997916403583468,0.1795274488792008
0.6,2.5,0.0,0.3,0.32945945832830176,0.33114476740578447,0.12403459208957357
0.3,2.5,0.0,0.3,0.28098876113741056,0.2782869694299685,0.10981325001535812
0.9,3.0,0.0,0.3,0.3877224031056178,0.3831658051345932,0.16828295508236069
0.6,3.0,0.0,0.3,0.3172731336093814,0.3085267399573902,0.12768213664834346
0.3,3.0,0.0,0.3,0.2677635806375948,0.2639723992905781,0.11837403354083252
0.9,3.5,0.0,0.3,0.3901966262328041,0.358861557160439,0.1866596316608158
0.6,3.5,0.0,0.3,0.2912571421992679,0.2870747159620553,0.12032163651554155
0.3,3.5,0.0,0.3,0.23450053870012286,0.23809859447558981,0.1030811491770916
0.9,4.0,0.0,0.3,0.3698226353933584,0.3353737421283738,0.17496599312617098
0.6,4.0,0.0,0.3,0.29058242247335114,0.2790330819854723,0.12651006925985478
0.3,4.0,0.0,0.3,0.2123611600622178,0.20013103863508547,0.09622464345953914
0.9,4.5,0.0,0.3,0.3348483048883973,0.3139359562038266,0.1829354967075601
0.6,4.5,0.0,0.3,0.2517601598788136,0.23908744667396722,0.13200288260279755
0.3,4.5,0.0,0.3,0.20423968191160405,0.18651581256331423,0.09502017833762966
0.9,5.0,0.0,0.3,0.3194875773231042,0.3259742053670822,0.13980021576992757
0.6,5.0,0.0,0.3,0.24285015155029985,0.2282684138960089,0.10525674088436836
0.3,5.0,0.0,0.3,0.18900166784345362,0.1837304221955185,0.0911000405547556
0.9,0.0,0.25,0.3,0.00024108388756340153,-4.469311172296349e-7,0.023309867280248094
0.6,0.0,0.25,0.3,0.0012680695556510206,-0.0014787370854418553,0.024597063658398328
0.3,0.0,0.25,0.3,0.0011083608883353893,1.3775482639575166e-5,0.02388218327997604
0.9,0.5,0.25,0.3,0.5072380940636682,0.4956069359879089,0.1878422601428792
0.6,0.5,0.25,0.3,0.4050895032160067,0.4137924063581513,0.14701807175288623
0.3,0.5,0.25,0.3,0.39170590885435547,0.37768598334314074,0.12886591257852537
0.9,1.0,0.25,0.3,0.44579518143428687,0.4337442718577928,0.170130328741268
0.6,1.0,0.25,0.3,0.41020043305101017,0.4008236518883189,0.1413435488598396
0.3,1.0,0.25,0.3,0.37580106288888204,0.3985000735618097,0.12746458488868645
0.9,1.5,0.25,0.3,0.4703591757443316,0.4320557456097184,0.19295127024731373
0.6,1.5,0.25,0.3,0.34758679152579264,0.3318137569791266,0.1424477105945152
0.3,1.5,0.25,0.3,0.3152873913230266,0.3236621667553601,0.10624490201334826
0.9,2.0,0.25,0.3,0.41309997495699896,0.3994090908862634,0.1669100254954343
0.6,2.0,0.25,0.3,0.367969934126687,0.34536445362251594,0.1368876618387536
0.3,2.0,0.25,0.3,0.2907599879907678,0.27762536288662354,0.11567165686621776
0.9,2.5,0.25,0.3,0.3979390678113686,0.3912111487452201,0.17659569511892373
0.6,2.5,0.25,0.3,0.3381937519857373,0.3269683390411797,0.13311901544291888
0.3,2.5,0.25,0.3,0.28772741324020407,0.28084923309738496,0.11124173906161249
0.9,3.0,0.25,0.3,0.36534132627145754,0.3536841309935167,0.1628726401560757
0.6,3.0,0.25,0.3,0.30264989830593725,0.2955420578009471,0.12198650565458936
0.3,3.0,0.25,0.3,0.2668311561065928,0.2507270907668458,0.12329387283035
0.9,3.5,0.25,0.3,0.3630609649604405,0.37787076833639044,0.16274228836684967
0.6,3.5,0.25,0.3,0.2871950539772239,0.26822977098915246,0.12747367710890534
0.3,3.5,0.25,0.3,0.230728539425264,0.22775748494217568,0.10014312037123252
0.9,4.0,0.25,0.3,0.3574522489071659,0.351841881107742,0.16092371006878767
0.6,4.0,0.25,0.3,0.2927605083064939,0.27921499085205975,0.10961102130582752
0.3,4.0,0.25,0.3,0.23219889605952568,0.23285652997482603,0.10293131630451774
0.9,4.5,0.25,0.3,0.3358855330597114,0.3253445531348018,0.15390966338468737
0.6,4.5,0.25,0.3,0.2815368074565852,0.2925883601572278,0.1301715367297249
0.3,4.5,0.25,0.3,0.1996705086180638,0.20159480466493082,0.08416962824108978
0.9,5.0,0.25,0.3,0.32541406993904565,0.3061884032856278,0.16809533864745782
0.6,5.0,0.25,0.3,0.2524353798947776,0.24895606063188547,0.11694053600758664
0.3,5.0,0.25,0.3,0.19866270714152634,0.18561912012567594,0.10397441952455122
0.9,0.0,0.5,0.3,-0.00041000567830708543,0.0021262424705384016,0.0248743448391584
0.6,0.0,0.5,0.3,-0.005415529913258697,-0.006466090421672708,0.025104842013890852
0.3,0.0,0.5,0.3,-0.0014283843457947227,-0.003770603835938393,0.021712298547203895
0.9,0.5,0.5,0.3,0.4866047311135816,0.506761315973473,0.19705561789159126
0.6,0.5,0.5,0.3,0.4311616569314294,0.4146346697607174,0.14124162821106875
0.3,0.5,0.5,0.3,0.3995280111359609,0.38441811875542564,0.13018555638945856
0.9,1.0,0.5,0.3,0.4551582912659014,0.4443774775876187,0.1906676146761761
0.6,1.0,0.5,0.3,0.395707428155096,0.38404583800943276,0.1432572297021849
0.3,1.0,0.5,0.3,0.38139722590824404,0.38331660026038294,0.12461345304686729
0.9,1.5,0.5,0.3,0.4214614349681274,0.40067482685292677,0.17858739227082226
0.6,1.5,0.5,0.3,0.4154466333133684,0.4211811554883551,0.14591194953929132
0.3,1.5,0.5,0.3,0.34488900358616953,0.3338075937729709,0.1179500334923393
0.9,2.0,0.5,0.3,0.4358888432921393,0.43362000656743216,0.18097443953058412
0.6,2.0,0.5,0.3,0.362798626457416,0.37741544760132184,0.12772357464212106
0.3,2.0,0.5,0.3,0.31342141734974455,0.3021645049991058,0.12265148183049693
0.9,2.5,0.5,0.3,0.38090988844532125,0.3857347907127089,0.1687464406788687
0.6,2.5,0.5,0.3,0.32257149006985114,0.31106772321297116,0.12959822551815012
0.3,2.5,0.5,0.3,0.2830178471926767,0.2747500650583271,0.11502637058144922
0.9,3.0,0.5,0.3,0.4024669285957122,0.400972457140537,0.16705633851778298
0.6,3.0,0.5,0.3,0.3291386535320229,0.32299060509046584,0.12944457355828654
0.3,3.0,0.5,0.3,0.25065215293020693,0.24094527831126933,0.12257686008320777
0.9,3.5,0.5,0.3,0.3791090664649419,0.36765722975778525,0.17549661402007333
0.6,3.5,0.5,0.3,0.30189690454559537,0.28895585780056454,0.11764756230684238
0.3,3.5,0.5,0.3,0.24325109058975783,0.23911289424886087,0.10576784024073595
0.9,4.0,0.5,0.3,0.3395952640612987,0.31950588163347954,0.1589061289111508
0.6,4.0,0.5,0.3,0.26720645344554783,0.25895404898943775,0.11492561018204994
0.3,4.0,0.5,0.3,0.2172121826666925,0.2099315711567123,0.10448958750501944
0.9,4.5,0.5,0.3,0.3363064149063096,0.30068510322650777,0.17131235673677783
0.6,4.5,0.5,0.3,0.23603561879101906,0.21715922109237235,0.11487136059389293
0.3,4.5,0.5,0.3,0.21426939669347078,0.20213866246410603,0.097152937031331
0.9,5.0,0.5,0.3,0.33087384347219284,0.31817860670899467,0.15211952034015583
0.6,5.0,0.5,0.3,0.25201770201394535,0.22593502882757582,0.11513681824640944
0.3,5.0,0.5,0.3,0.1805811146545794,0.17454812320364727,0.08742824385780962
0.9,0.0,0.75,0.3,0.0018898498996444146,0.0005185931745853205,0.02911880064222786
0.6,0.0,0.75,0.3,-0.0008190012745102688,-0.0016877974454102005,0.029747266554220234
0.3,0.0,0.75,0.3,0.0021243843466121695,-0.0031239197054196673,0.023083653979921497
0.9,0.5,0.75,0.3,0.5105553081233308,0.5317322561058409,0.178455025013406
0.6,0.5,0.75,0.3,0.4386169096828877,0.43552839559067125,0.15474346307519565
0.3,0.5,0.75,0.3,0.38568657459129696,0.40120740740794086,0.13468612037323172
0.9,1.0,0.75,0.3,0.4686052002080331,0.452143482463241,0.20017365599740772
0.6,1.0,0.75,0.3,0.41203490968597367,0.39492263183485,0.15315253295327938
0.3,1.0,0.75,0.3,0.349654535143575,0.34143779731027757,0.1284448651713077
0.9,1.5,0.75,0.3,0.4495916345903391,0.4401997719051962,0.1825327346376556
0.6,1.5,0.75,0.3,0.3893835655678315,0.3887325206847278,0.1569522115707423
0.3,1.5,0.75,0.3,0.34345750036276307,0.34978147239650026,0.11769020133162593
0.9,2.0,0.75,0.3,0.422106810142986,0.4220366343938464,0.1595954407717423
0.6,2.0,0.75,0.3,0.3540123415720639,0.35262988817920926,0.13685944406167774
0.3,2.0,0.75,0.3,0.3101292661212699,0.305137093551497,0.12071138471123471
0.9,2.5,0.75,0.3,0.40720554144657617,0.3985206455881929,0.1836982572553207
0.6,2.5,0.75,0.3,0.31395524756620197,0.30984502669129566,0.11144756057275926
0.3,2.5,0.75,0.3,0.29140318278582955,0.293460006116822,0.12964291237486417
0.9,3.0,0.75,0.3,0.3574416067902176,0.34453891483448984,0.18313806196598612
0.6,3.0,0.75,0.3,0.31985013845560667,0.29692611847709893,0.12173380719081844
0.3,3.0,0.75,0.3,0.24763098198711886,0.24601631081967015,0.10718511426522057
0.9,3.5,0.75,0.3,0.41184843209900535,0.3840406834790555,0.19791793641407684
0.6,3.5,0.75,0.3,0.287003384875983,0.27702963057442453,0.11361112875216182
0.3,3.5,0.75,0.3,0.26070904398834144,0.2542385567093439,0.10744115111731128
0.9,4.0,0.75,0.3,0.3255422865756698,0.3142172687820157,0.14730188015725207
0.6,4.0,0.75,0.3,0.2625097454385558,0.22686728755497718,0.11901178401965125
0.3,4.0,0.75,0.3,0.1960218073926102,0.18512099702100143,0.09075183191226617
0.9,4.5,0.75,0.3,0.34575445486864,0.32826494499902703,0.16596812594603833
0.6,4.5,0.75,0.3,0.2577179316003183,0.23711986784123043,0.1250360750414342
0.3,4.5,0.75,0.3,0.19526881174879032,0.18559187334084415,0.09700248492116675
0.9,5.0,0.75,0.3,0.32030005079142915,0.29119280777349565,0.153669211946701
0.6,5.0,0.75,0.3,0.23327702567089129,0.22423449809944002,0.11129507980551187
0.3,5.0,0.75,0.3,0.18215950234778283,0.1868940850639043,0.09231942137218893
0.9,0.0,1.0,0.3,0.0013786245406114913,-0.00022723151174647966,0.025571467473822978
0.6,0.0,1.0,0.3,-0.002766748716777744,-0.0032409340205329217,0.02433343458198857
0.3,0.0,1.0,0.3,2.2182246419763242e-5,-0.006281621057019402,0.025845919933759166
0.9,0.5,1.0,0.3,0.5140746251979907,0.5331787018317748,0.21252046513916395
0.6,0.5,1.0,0.3,0.4310831577554234,0.42768622782207244,0.14974533077990262
0.3,0.5,1.0,0.3,0.4059429298401636,0.40677163558334806,0.1260660553142695
0.9,1.0,1.0,0.3,0.47457429498194237,0.5025133352181895,0.19052313405616314
0.6,1.0,1.0,0.3,0.4230392685706154,0.41865525223789346,0.148567885420684
0.3,1.0,1.0,0.3,0.3413163565167714,0.34441888388656305,0.11616896830385694
0.9,1.5,1.0,0.3,0.44656095189785644,0.46506344819116713,0.16066217741515823
0.6,1.5,1.0,0.3,0.36331321509678655,0.3470762933631367,0.13336186657714008
0.3,1.5,1.0,0.3,0.35266792109791484,0.3506883886299334,0.12309652448352552
0.9,2.0,1.0,0.3,0.44380043633964616,0.44157406661729337,0.17672806668794494
0.6,2.0,1.0,0.3,0.3504407921357631,0.34908045461131587,0.14995264471561365
0.3,2.0,1.0,0.3,0.3289020194000228,0.32309588927237554,0.12837850998226583
0.9,2.5,1.0,0.3,0.4127083247246688,0.40589753531539013,0.18069464487758843
0.6,2.5,1.0,0.3,0.32867831286851107,0.3145300558228824,0.1296012143552935
0.3,2.5,1.0,0.3,0.2656330168352642,0.2523749756851753,0.10927439826322215
0.9,3.0,1.0,0.3,0.39165663558331404,0.3817674644994418,0.1799403193543083
0.6,3.0,1.0,0.3,0.33123594126439765,0.3259811753987766,0.11855500011762062
0.3,3.0,1.0,0.3,0.2646008633502915,0.26785640109546227,0.11234296164574573
0.9,3.5,1.0,0.3,0.36594207599708084,0.3541701149367711,0.17123301210865258
0.6,3.5,1.0,0.3,0.31059582852522377,0.2989692479489291,0.13000832124312178
0.3,3.5,1.0,0.3,0.2358623727641157,0.23424987892036242,0.11079868964836297
0.9,4.0,1.0,0.3,0.3466308127062526,0.3394523286771284,0.1557051231071592
0.6,4.0,1.0,0.3,0.295499993727725,0.2654152226923279,0.12291655767752489
0.3,4.0,1.0,0.3,0.21051738197647998,0.21357965728555495,0.08587769727344162
0.9,4.5,1.0,0.3,0.3440028619751247,0.3494697142885656,0.14923709834722773
0.6,4.5,1.0,0.3,0.2585795539277384,0.23144247762358222,0.11483906830367945
0.3,4.5,1.0,0.3,0.2090907659907355,0.18980489379551918,0.0961196336895146
0.9,5.0,1.0,0.3,0.31735580367490795,0.270593303583321,0.17523632039115725
0.6,5.0,1.0,0.3,0.24161005891438517,0.23173622423606677,0.10679793018837715
0.3,5.0,1.0,0.3,0.1908385089368117,0.17723978141070723,0.08429486279430184
