X,Y,Z,E,A,B,C,D,F,G,H,I,J,K,L,M,N,prop_strict_med_pos,prop_qual_n_winning_parties,plur_util_winner_avg,prop_qual_min_govt_unstable,prop_qual_condorcet_winner,prop_strict_min_govt_size,spat_char_corr4,prop_strict_util_winner,major_qual_med_pos,prop_strict_unanimity,prop_qual_coalition_size,plur_util_max_med,prop_gallagher_index,tangian_adj_pop_parties,spat_char_corr5,prop_qual_util_eff,major_util_max_avg,major_cond_eff,prop_strict_nonzero_pos,major_qual_nonzero_pos,major_vse,plur_vse,spat_med_entropy1,prop_strict_util_max,major_util_max_elec_rate,major_cond_paradox,prop_qual_elec_failed,major_strict_nonzero_pos,major_util_max_med,tangian_raw_pop_body,prop_qual_util_winner,prop_qual_nonzero_pos,spat_med_entropy3,prop_strict_cond_paradox,plur_smith_eff,major_strict_med_pos,prop_strict_util_maxer_elected,prop_qual_min_govt_size,plur_util_eff_med,plur_cond_eff,spat_med_entropy2,major_util_eff_avg,plur_cond_paradox,spat_avg_entropy2,spat_med_entropy5,prop_strict_min_govt_unstable,spat_agg_dist_corr,plur_gallagher_index,prop_qual_n_parties_eff,prop_qual_util_maxer_elected,tangian_raw_uni_parties,prop_qual_single_party_win,plur_util_max_avg,tangian_adj_uni_parties,spat_char_corr2,major_util_winner_avg,tangian_adj_uni_body,plur_qual_social_util,spat_med_entropy4,prop_qual_med_pos,prop_strict_n_parties_eff,prop_strict_min_govt_elected,major_n_parties_eff,prop_qual_unanimity_rate,prop_qual_winner_smith,plur_n_parties_eff,plur_qual_nonzero_pos,plur_util_eff_avg,major_smith_eff,spat_avg_entropy5,prop_strict_elec_failed,prop_strict_winner_smith,plur_strict_nonzero_pos,major_strict_social_util,major_n_winning_parties,prop_qual_util_max,spat_char_corr3,plur_qual_med_pos,plur_strict_med_pos,prop_qual_cond_paradox,spat_avg_entropy4,major_qual_social_util,plur_util_winner_med,prop_strict_coalition_size,spat_avg_entropy1,prop_strict_condorcet_winner,prop_qual_min_govt_elected,tangian_raw_pop_parties,prop_strict_unanimity_rate,prop_strict_n_parties,prop_strict_single_party_win,prop_strict_util_eff,tangian_raw_uni_body,plur_strict_social_util,prop_qual_unanimity,major_util_eff_med,major_util_winner_med,spat_char_corr1,plur_util_max_elec_rate,tangian_adj_pop_body,prop_strict_n_winning_parties,spat_avg_entropy3,major_gallagher_index,plur_n_winning_parties,prop_qual_n_parties,prop_true_gallagher_index,maj_true_gallagher_index,plur_true_gallagher_index
"String3[""L1""]","String3[""L1""]","String3[""L2""]","String3[""L1""]","String3[""L1""]","String3[""L2""]","String7[""C1_3""]","String7[""D1_2""]","String7[""F1_3""]","String3[""L3""]","String3[""L1""]","String3[""L3""]","[""L0""]","[""L0""]","String3[""L_3""]","String3[""M_1""]","String7[""N1_1""]",[2.0],[2],[3.9763098692810414e6],Bool[0],Bool[0],[0],[0.13737130272255968],[1.6803163230240548e8],[-1.0],[20],[1],[4.324434640522863e6],[0.008888780057789286],[0.1483679],[0.2082245095011241],[0.750593858830338],[4.328906993464037e6],[0.0],[20],[18],[0.9396109241420179],[0.9185482329106721],[8.665229914989316e-11],[2.2644361168384877e8],[0.04],[0],Bool[0],[0],[4.324434640522863e6],[0.22380499999999998],[1.6861105172413793e8],[20],[2.7288311428140816e-10],Bool[0],[0.0],[0.0],Bool[0],[0],[0.9367583910758959],[0.0],[1.49177430025313e-10],[0.9397706310478591],[0],[2.264149467142279e-10],[1.28483155733778e-10],Bool[0],[0.20359169863339333],[0.24471724918362414],[2.0],Bool[0],[0.0],Bool[0],[4.328906993464037e6],[0.0],[-0.09350840709080951],[4.0674883006535876e6],[0.0],[3.6857402597402595e6],[2.022345455373578e-10],[2.0],[2.0],Bool[0],[2.0064205457463884],[0.4],Bool[0],[2.50501002004008],[20],[0.9186793462895586],[0.0],[2.8660805115356965e-10],Bool[0],Bool[0],[0],[3.279485714285714e6],[3],[2.2463686551724142e8],[0.07160119490871267],[-1.0],[0.0],Bool[0],[8.762291178933228e-10],[3.45801652892562e6],[4.0596356209150357e6],[1],[1.7936693963735085e-10],Bool[0],Bool[0],[0.1483679],[0.4],[3],Bool[0],[0.7420462474207676],[0.0],[3.279485714285714e6],[20],[0.947764309952602],[4.1180441176470346e6],[0.1701361311169073],[0.02],[0.223805],[2],[3.068277062104875e-10],[0.09412444978856448],[3],[3],[0.6529505739701895],[0.09412444978856448],[0.24471724918362414]
"String3[""L1""]","String3[""L1""]","String3[""L2""]","String3[""L1""]","String3[""L1""]","String3[""L2""]","String7[""C1_3""]","String7[""D1_2""]","String7[""F1_3""]","String3[""L3""]","String3[""L1""]","String3[""L3""]","[""L0""]","[""L0""]","String3[""L_3""]","String3[""M_2""]","String7[""N1_1""]",[-2.0],[3],[4.111573177257531e6],Bool[0],Bool[0],[0],[0.06272275099302553],[1.698153579766537e8],[0.0],[20],[1],[4.314240802675595e6],[0.009596279278970568],[0.17147616000000002],[0.015618196960989235],[0.7670587630268249],[4.314581070234119e6],[0.3],[19],[6],[0.9697274794421542],[0.9529484115208496],[1.4527042644497052e-10],[2.233342140077821e8],[0.26],[0],Bool[0],[0],[4.314240802675595e6],[0.2461834],[1.711472431372549e8],[19],[1.393248047985202e-10],Bool[0],[0.18],[0.0],Bool[0],[0],[0.9591808520007628],[0.18],[1.2381246880573468e-10],[0.9697645650322697],[0],[1.576599165004064e-10],[1.7941346829080516e-10],Bool[0],[0.18531872706450844],[0.10626427215202673],[2.380952380952381],Bool[0],[0.0],Bool[0],[4.314581070234119e6],[0.0],[-0.023468968114743947],[4.1839678260869645e6],[0.0],[3.433427083333333e6],[8.089712453029328e-11],[-2.0],[2.380952380952381],Bool[0],[1.0],[0.4],Bool[0],[1.226692836113837],[11],[0.9530789259249057],[0.3],[3.0432123697653366e-10],Bool[0],Bool[0],[0],[3.279246575342465e6],[1],[2.231214235294118e8],[0.33905998552516453],[0.0],[0.0],Bool[0],[2.393853192194731e-10],[3.4395666666666665e6],[4.148663879598674e6],[1],[1.9565536463693387e-10],Bool[0],Bool[0],[0.17147616000000002],[0.4],[3],Bool[1],[0.7603642761638683],[0.0],[3.279246575342465e6],[20],[0.9692865632196447],[4.1800836120401495e6],[0.17989164100932123],[0.16],[0.2461834],[3],[1.938904292941873e-10],[0.19318347635343971],[3],[3],[0.5878464557484377],[0.19318347635343971],[0.10626427215202673]
"String3[""L1""]","String3[""L1""]","String3[""L2""]","String3[""L1""]","String3[""L1""]","String3[""L2""]","String7[""C1_3""]","String7[""D1_2""]","String7[""F1_3""]","String3[""L3""]","String3[""L1""]","String3[""L3""]","[""L0""]","[""L0""]","String3[""L_1""]","String3[""M_1""]","String7[""N1_2""]",[0.0],[3],[4.1506808247422804e6],Bool[0],Bool[0],[0],[0.022616087834512445],[2.0188693382352942e8],[0.0],[20],[1],[4.288323024054989e6],[0.006308600232555104],[0.21851130800000002],[0.3023954009059133],[0.9053456785002361],[4.287622268041246e6],[0.24],[10],[2],[0.9700428488276598],[0.9680612155786928],[1.0266728008152109e-10],[2.2391145588235292e8],[0.24],[0],Bool[0],[0],[4.288323024054989e6],[0.25125339999999996],[2.0188693382352942e8],[10],[1.6007040008334043e-10],Bool[0],[0.22],[0.0],Bool[0],[0],[0.9691261606593624],[0.22],[3.060641218434334e-10],[0.970078076309744],[0],[3.934352388358945e-10],[9.557118946597668e-11],Bool[0],[0.2859709469649872],[0.22780357338724957],[2.025931928687196],Bool[0],[0.0],Bool[1],[4.287622268041246e6],[0.0],[-0.005498936319336116],[4.159177319587642e6],[0.0],[3.4011341463414645e6],[1.4362532068645758e-10],[0.0],[2.025931928687196],Bool[0],[1.1291779584462511],[0.4],Bool[0],[1.1759172154280337],[3],[0.9680847541260915],[0.24],[2.3848129284639724e-10],Bool[0],Bool[1],[0],[3.3182692307692305e6],[3],[2.2299430882352942e8],[0.23917911147341298],[0.0],[0.0],Bool[0],[1.9113576782646768e-10],[3.477174418604651e6],[4.1500859106529444e6],[1],[1.7235520415290277e-10],Bool[1],Bool[0],[0.21851130800000002],[0.4],[3],Bool[1],[0.9016373594105181],[0.0],[3.3182692307692305e6],[20],[0.973654530408341],[4.1713058419244085e6],[0.1072940153073036],[0.24],[0.2512534],[3],[2.634074039707135e-10],[0.24474441372174358],[3],[3],[0.004231790164930212],[0.24474441372174358],[0.22780357338724957]
"String3[""L1""]","String3[""L1""]","String3[""L2""]","String3[""L1""]","String3[""L1""]","String3[""L2""]","String7[""C1_3""]","String7[""D1_2""]","String7[""F1_3""]","String3[""L3""]","String3[""L1""]","String3[""L3""]","[""L0""]","[""L0""]","String3[""L_1""]","String3[""M_2""]","String7[""N1_2""]",[0.0],[2],[4.16377759197325e6],Bool[0],Bool[0],[0],[0.014853138675515314],[1.9355311406844106e8],[0.0],[20],[1],[4.312117056856193e6],[0.00837979797979796],[0.215217136],[0.07438356891707212],[0.8641926556015014],[4.313905217391311e6],[0.26],[14],[2],[0.9708638548535655],[0.9651991367791697],[8.356104629102654e-11],[2.2396986692015207e8],[0.22],[0],Bool[0],[0],[4.312117056856193e6],[0.2519074],[1.9355311406844106e8],[14],[2.5373549540991854e-10],Bool[0],[0.22],[0.0],Bool[0],[0],[0.9660196997843304],[0.22],[8.993864614999789e-11],[0.9709476431273955],[0],[1.3611204006416303e-10],[1.4076172532232222e-10],Bool[0],[0.08690993743902142],[0.24564998263382798],[1.3676148796498908],Bool[0],[0.0],Bool[1],[4.313905217391311e6],[0.0],[0.055009668171636134],[4.188214648829437e6],[0.0],[3.221851851851852e6],[9.823337497323472e-11],[0.0],[1.3676148796498908],Bool[0],[1.0],[0.4],Bool[0],[1.1291779584462511],[5],[0.9652288985426588],[0.26],[2.5595490920742664e-10],Bool[0],Bool[1],[0],[3.214506666666667e6],[1],[2.2396986692015207e8],[0.08536222889470212],[0.0],[0.0],Bool[0],[1.2255631346480434e-10],[3.393373493975905e6],[4.186807692307714e6],[1],[1.8123591615873788e-10],Bool[1],Bool[0],[0.21521713599999998],[0.4],[3],Bool[1],[0.8641926556015014],[0.0],[3.214506666666667e6],[20],[0.9725630431076867],[4.1930301003344506e6],[-0.07051855169551256],[0.18],[0.2519074],[2],[2.899420402103867e-10],[0.29720093197700437],[3],[3],[0.1798774971140081],[0.29720093197700437],[0.24564998263382798]
"String3[""L1""]","String3[""L1""]","String3[""L2""]","String3[""L1""]","String3[""L1""]","String3[""L2""]","String7[""C1_3""]","String7[""D1_2""]","String7[""F1_3""]","String3[""L3""]","String3[""L1""]","String3[""L3""]","[""L0""]","[""L0""]","String3[""L_2""]","String3[""M_1""]","String7[""N1_2""]",[0.0],[3],[3.9409963309352617e6],Bool[0],Bool[0],[2],[0.12216849255784312],[2.1540649397590375e8],[0.5],[2],[2],[4.257329136690658e6],[0.00916319245678054],[0.18566313599999998],[0.3067202850709509],[0.9503341219370891],[4.254953741007208e6],[0.1],[2],[15],[0.9360171589756138],[0.9262136725374532],[2.506392115962151e-10],[2.2244422088353425e8],[0.04],[0],Bool[0],[0],[4.257329136690658e6],[0.22685119999999998],[2.1139633333333343e8],[6],[2.4454308906342685e-10],Bool[1],[0.06],[0.0],Bool[0],[0],[0.934730386756996],[0.06],[2.631024974980744e-10],[0.9362482227438721],[0],[3.2907555663519774e-10],[1.5301373023517478e-10],Bool[0],[0.15537100049414182],[0.13641543865706698],[2.9274004683840746],Bool[0],[0.0],Bool[0],[4.254953741007208e6],[0.0],[-0.047958676696985364],[3.982709712230226e6],[0.0],[3.6688972602739725e6],[8.339089807959943e-11],[0.0],[2.9274004683840746],Bool[1],[2.431906614785992],[0.28],Bool[0],[2.7114967462039044],[18],[0.9263050682736952],[0.1],[2.9609943396338357e-10],Bool[0],Bool[1],[0],[3.358458333333333e6],[3],[2.2244422088353425e8],[0.1270222838853304],[1.0],[0.0],Bool[0],[1.0554783162490642e-10],[3.458216981132075e6],[3.9929838129496435e6],[2],[2.8058137339586187e-10],Bool[0],Bool[0],[0.18566313599999998],[0.04],[3],Bool[0],[0.968361835251655],[0.0],[3.358458333333333e6],[14],[0.9468425152522035],[4.0162248201438915e6],[0.07344904154817007],[0.04],[0.22685119999999998],[3],[3.534252397351792e-10],[0.06435815336070479],[3],[3],[0.32065840376325705],[0.06435815336070479],[0.13641543865706698]
"String3[""L1""]","String3[""L1""]","String3[""L2""]","String3[""L1""]","String3[""L1""]","String3[""L2""]","String7[""C1_3""]","String7[""D1_2""]","String7[""F1_3""]","String3[""L3""]","String3[""L1""]","String3[""L3""]","[""L0""]","[""L0""]","String3[""L_2""]","String3[""M_2""]","String7[""N1_2""]",[0.0],[3],[4.060508842105253e6],Bool[0],Bool[0],[2],[0.23629294748938226],[2.1535618631178707e8],[0.0],[5],[2],[4.290033333333336e6],[0.009493755421328269],[0.190343876],[-0.006328632640694676],[0.9746267756511587],[4.286851719298238e6],[0.16],[4],[4],[0.9669555068892246],[0.9472006749909144],[1.2367343147758448e-10],[2.2486984410646388e8],[0.16],[0],Bool[0],[0],[4.290033333333336e6],[0.249846],[2.191641711026616e8],[3],[8.979013463445704e-11],Bool[1],[0.06],[0.0],Bool[0],[0],[0.9604220428039447],[0.06],[2.0221590745045562e-10],[0.96712083502143],[0],[2.5788616521917055e-10],[1.8378538372054005e-10],Bool[0],[0.23123463635687055],[0.02205567609482876],[2.9550827423167845],Bool[0],[0.0],Bool[0],[4.286851719298238e6],[0.0],[0.18213979259597624],[4.1451948771929718e6],[0.0],[3.3248658536585364e6],[1.1346743508279836e-10],[0.0],[2.9550827423167845],Bool[1],[1.278118609406953],[0.24],Bool[0],[2.189141856392294],[7],[0.9474097756438905],[0.16],[2.5902932120047647e-10],Bool[0],Bool[1],[0],[3.2764189189189193e6],[3],[2.2486984410646388e8],[0.11269289516148008],[0.0],[0.0],Bool[0],[1.3989068275941e-10],[3.3720769230769225e6],[4.108498245614024e6],[2],[1.8154315391896706e-10],Bool[0],Bool[0],[0.19034387600000002],[0.1],[3],Bool[0],[0.9576926028811021],[0.0],[3.2764189189189193e6],[12],[0.9761700654679509],[4.187038596491224e6],[0.0955948410837163],[0.12],[0.249846],[3],[1.625002638518986e-10],[0.20334200955041237],[3],[3],[0.3166473951385042],[0.20334200955041237],[0.02205567609482876]
"String3[""L1""]","String3[""L1""]","String3[""L2""]","String3[""L1""]","String3[""L1""]","String3[""L2""]","String7[""C1_3""]","String7[""D1_2""]","String7[""F1_3""]","String3[""L3""]","String3[""L1""]","String3[""L3""]","[""L0""]","[""L0""]","String3[""L_3""]","String3[""M_1""]","String7[""N1_2""]",[-2.0],[2],[3.9351285714285816e6],Bool[0],Bool[0],[0],[0.14181402184191672],[1.6885228461538464e8],[-1.0],[20],[1],[4.310166666666706e6],[0.00683651804670915],[0.16211909600000002],[0.19003055243598604],[0.7682655144012356],[4.302912653061259e6],[0.06],[18],[17],[0.9382273193971277],[0.9145267145102234],[1.4373546214970647e-10],[2.226590923076923e8],[0.06],[0],Bool[0],[0],[4.310166666666706e6],[0.22573239999999997],[1.6885228461538464e8],[18],[2.2693963616692457e-10],Bool[0],[0.06],[0.0],Bool[0],[0],[0.9292759237264072],[0.06],[1.4589603316191705e-10],[0.9383246990059277],[0],[1.8863054074756533e-10],[2.303849974714671e-10],Bool[0],[0.1712520692869537],[0.26126733429190874],[1.996805111821086],Bool[0],[0.0],Bool[1],[4.302912653061259e6],[0.0],[0.06584072168395502],[4.0371102040816476e6],[0.0],[3.6647987012987016e6],[1.4002587885590331e-10],[-2.0],[1.996805111821086],Bool[0],[2.41779497098646],[0.4],Bool[0],[2.880184331797235],[20],[0.9146302032636419],[0.06],[3.467068868003728e-10],Bool[0],Bool[0],[0],[3.3955921052631577e6],[3],[2.1978376153846154e8],[0.059575243841045296],[-1.0],[0.0],Bool[0],[3.201547809392758e-10],[3.4547280701754387e6],[4.006486394557842e6],[1],[3.110337700814614e-10],Bool[0],Bool[0],[0.16211909600000002],[0.4],[3],Bool[1],[0.7583444397682529],[0.0],[3.3955921052631577e6],[20],[0.942608079209668],[4.074663265306146e6],[-0.037807055576605283],[0.04],[0.22573240000000003],[2],[3.5283331978687615e-10],[0.08405890772547543],[3],[3],[0.5635409301621311],[0.08405890772547543],[0.26126733429190874]
"String3[""L1""]","String3[""L1""]","String3[""L2""]","String3[""L1""]","String3[""L1""]","String3[""L2""]","String7[""C1_3""]","String7[""D1_2""]","String7[""F1_3""]","String3[""L3""]","String3[""L1""]","String3[""L3""]","[""L0""]","[""L0""]","String3[""L_3""]","String3[""M_2""]","String7[""N1_2""]",[2.0],[2],[3.9718829078014134e6],Bool[0],Bool[0],[0],[0.038924376410331786],[1.6754519921875e8],[0.0],[20],[1],[4.292804964538992e6],[0.0005279999999999729],[0.16495330000000002],[0.09449176387279602],[0.7506104283287536],[4.277443191489348e6],[0.16],[19],[8],[0.9576319445422016],[0.9285647359862322],[1.730435203990774e-10],[2.2418691796875e8],[0.08],[0],Bool[0],[0],[4.292804964538992e6],[0.241441],[1.6689327237354088e8],[19],[1.3938067765402667e-10],Bool[0],[0.12],[0.0],Bool[0],[0],[0.9482785793815804],[0.12],[1.0644408145744107e-10],[0.9576929298090494],[0],[1.563885917219736e-10],[1.0210460494340167e-10],Bool[0],[0.045350347902833855],[0.12293293319529963],[2.0],Bool[0],[0.0],Bool[0],[4.277443191489348e6],[0.0],[0.012753639530996199],[4.096216241134745e6],[0.0],[3.270679245283019e6],[1.8514722841465127e-10],[2.0],[2.0],Bool[0],[1.4484356894553885],[0.4],Bool[0],[2.653927813163482],[18],[0.9287777743546438],[0.16],[1.8645843461648283e-10],Bool[0],Bool[0],[0],[3.30945205479452e6],[3],[2.2234339688715956e8],[0.00269573885998115],[1.0],[0.0],Bool[0],[2.6454550020703203e-10],[3.6421818181818184e6],[4.055485815602832e6],[1],[2.4674348071733455e-10],Bool[0],Bool[0],[0.16495329999999997],[0.4],[3],Bool[0],[0.7473460125898361],[0.0],[3.30945205479452e6],[20],[0.9614394821693724],[4.0936666666666623e6],[0.1781145666153769],[0.06],[0.241441],[2],[3.0562388037250765e-10],[0.16096020024838437],[3],[3],[0.5545414917425024],[0.16096020024838437],[0.12293293319529963]
"String3[""L1""]","String3[""L1""]","String3[""L2""]","String3[""L1""]","String3[""L1""]","String3[""L2""]","String7[""C1_3""]","String7[""D1_3""]","String7[""F1_1""]","String3[""L3""]","String3[""L1""]","String3[""L3""]","[""L0""]","[""L0""]","String3[""L_1""]","String3[""M_1""]","String7[""N1_1""]",[-2.0],[3],[2.498584e6],Bool[0],Bool[0],[0],[0.05956119147507739],[1.250305e8],[2.0],[20],[1],[2.513075e6],[0.010299709506425106],[0.5000975999999999],[-0.0349391006510925],[0.6668293333333334],[2.515202e6],[0.36],[20],[20],[0.9933182305039515],[0.9933929759915904],[1.4691689378559127e-10],[1.875e8],[0.1],[0],Bool[0],[20],[2.513075e6],[0.4996792],[1.250305e8],[20],[1.1503773826897631e-10],Bool[0],[0.26],[2.0],Bool[0],[0],[0.9944201600316861],[0.26],[1.516889328450414e-10],[0.9933353463437382],[0],[2.4815474864354284e-10],[1.69824428661636e-10],Bool[0],[0.06393417930714344],[0.16439236279097638],[1.515151515151515],Bool[0],[0.54],Bool[1],[2.515202e6],[0.54],[0.0022802918051055047],[2.498396e6],[0.48400000000000004],[2.485722222222222e6],[1.758130574565988e-10],[-2.0],[1.515151515151515],Bool[0],[1.0407993338884265],[0.4],Bool[0],[1.0407993338884265],[20],[0.9934074242054569],[0.36],[3.4518348399087786e-10],Bool[0],Bool[0],[20],[2.485722222222222e6],[2],[1.875e8],[0.015503365761550784],[2.0],[2.0],Bool[0],[2.8185000203240485e-10],[2.485722222222222e6],[2.4978e6],[1],[2.042985593978578e-10],Bool[0],Bool[0],[0.5000975999999999],[0.4],[3],Bool[1],[0.6668293333333334],[0.48400000000000004],[2.485722222222222e6],[20],[0.994529926778047],[2.4974e6],[0.22155706757195825],[0.08],[0.4996792],[3],[1.5173937829321888e-10],[0.16439236279097638],[2],[3],[0.008497584597990203],[0.16439236279097638],[0.16439236279097638]
"String3[""L1""]","String3[""L1""]","String3[""L2""]","String3[""L1""]","String3[""L1""]","String3[""L2""]","String7[""C1_3""]","String7[""D1_3""]","String7[""F1_1""]","String3[""L3""]","String3[""L1""]","String3[""L3""]","[""L0""]","[""L0""]","String3[""L_1""]","String3[""M_2""]","String7[""N1_1""]",[2.0],[3],[2.501311e6],Bool[0],Bool[0],[0],[0.0878232764399229],[1.2499585e8],[2.0],[20],[1],[2.51465e6],[0.0062847494545574655],[0.4999866799999999],[0.05741172463735221],[0.689631895375506],[2.516331e6],[0.44],[20],[20],[0.9939165395967383],[0.9940309919481976],[2.2849155033581613e-10],[1.812501e8],[0.1],[0],Bool[0],[20],[2.51465e6],[0.5002046],[1.2499585e8],[20],[2.0426195694175996e-10],Bool[0],[0.28],[2.0],Bool[0],[0],[0.995039087573614],[0.28],[5.7200552902792154e-11],[0.9939347007049224],[0],[9.251087066339607e-11],[1.3824386024345751e-10],Bool[0],[0.02568381655265308],[0.19492955051505145],[1.5802781289506953],Bool[0],[0.461],Bool[1],[2.516331e6],[0.461],[0.02728254502618068],[2.501023e6],[0.526],[2.3512941176470583e6],[1.8322844685488076e-10],[2.0],[1.5802781289506953],Bool[0],[1.0],[0.4],Bool[0],[1.0],[20],[0.9940389599358679],[0.44],[2.0263401142404194e-10],Bool[0],Bool[0],[20],[2.342933333333333e6],[1],[1.812501e8],[-0.08706888671279353],[2.0],[2.0],Bool[0],[3.1660751837981335e-10],[2.342933333333333e6],[2.5003e6],[1],[7.684088432097642e-10],Bool[0],Bool[0],[0.4999866799999999],[0.4],[3],Bool[1],[0.689631895375506],[0.526],[2.3512941176470583e6],[20],[0.9953055257367109],[2.5014e6],[-0.007921326625781197],[0.06],[0.5002046],[3],[3.356398627703889e-10],[0.19492955051505145],[1],[3],[0.004392000000000012],[0.19492955051505145],[0.19492955051505145]
"String3[""L1""]","String3[""L1""]","String3[""L2""]","String3[""L1""]","String3[""L1""]","String3[""L2""]","String7[""C1_3""]","String7[""D1_3""]","String7[""F1_1""]","String3[""L3""]","String3[""L1""]","String3[""L3""]","[""L0""]","[""L0""]","String3[""L_2""]","String3[""M_1""]","String7[""N1_1""]",[2.0],[3],[2.500382e6],Bool[0],Bool[0],[0],[0.07562883332079993],[1.250316e8],[2.0],[20],[1],[2.514675e6],[0.005353691810330518],[0.500071672],[0.15643337848257974],[0.6668352],[2.516896e6],[0.12],[20],[20],[0.9929405108514615],[0.9934387435952856],[1.628924899620226e-10],[1.875e8],[0.08],[0],Bool[0],[20],[2.514675e6],[0.4998256],[1.250316e8],[20],[1.619643219714598e-10],Bool[0],[0.1],[2.0],Bool[0],[0],[0.9951733474586113],[0.1],[1.8677133343754973e-10],[0.992957429276693],[0],[3.3102691412128133e-10],[5.60613627642252e-11],Bool[0],[0.15265150787455303],[0.09935784643398832],[2.515090543259557],Bool[0],[0.5569999999999999],Bool[1],[2.516896e6],[0.5569999999999999],[0.22457741844054746],[2.499128e6],[0.489],[2.5188125e6],[2.302029386302716e-10],[2.0],[2.515090543259557],Bool[0],[1.0],[0.4],Bool[0],[1.278118609406953],[20],[0.9934521173507918],[0.12],[1.6476924472982574e-10],Bool[0],Bool[0],[20],[2.668333333333333e6],[1],[1.875e8],[0.023177083494452397],[2.0],[2.0],Bool[0],[4.711711418866748e-10],[2.668333333333333e6],[2.50215e6],[1],[2.1014525923846472e-10],Bool[0],Bool[0],[0.500071672],[0.4],[3],Bool[1],[0.6668352],[0.489],[2.5188125e6],[20],[0.9949517525488811],[2.501775e6],[0.01816203482724461],[0.14],[0.4998256],[3],[1.9961967199055887e-10],[0.20303571520301547],[3],[3],[0.19558666019951354],[0.20303571520301547],[0.09935784643398832]
"String3[""L1""]","String3[""L1""]","String3[""L2""]","String3[""L1""]","String3[""L1""]","String3[""L2""]","String7[""C1_3""]","String7[""D1_3""]","String7[""F1_1""]","String3[""L3""]","String3[""L1""]","String3[""L3""]","[""L0""]","[""L0""]","String3[""L_2""]","String3[""M_2""]","String7[""N1_1""]",[2.0],[3],[2.503807e6],Bool[0],Bool[0],[0],[0.15175316805518108],[1.2501345e8],[2.0],[20],[1],[2.5166e6],[0.002269844047506357],[0.500027976],[0.013050651962934609],[0.6667384],[2.517639e6],[0.24],[20],[20],[0.9940142331764006],[0.9945059637223606],[1.1405147397709087e-10],[1.875e8],[0.14],[0],Bool[0],[20],[2.5166e6],[0.5005137999999999],[1.2501345e8],[20],[6.17503279409646e-11],Bool[0],[0.16],[2.0],Bool[0],[0],[0.994855737993291],[0.16],[1.9610649820731477e-10],[0.9940255350483733],[0],[2.713548713443832e-10],[2.048286425317385e-10],Bool[0],[0.22524466266140114],[0.12376820289557415],[2.5933609958506225],Bool[0],[0.5],Bool[1],[2.517639e6],[0.5],[0.12066534308000941],[2.502569e6],[0.542],[2.4823571428571427e6],[2.0484171665681209e-10],[2.0],[2.5933609958506225],Bool[0],[1.0841283607979186],[0.4],Bool[0],[1.2242899118511263],[20],[0.9945114184975907],[0.24],[3.7180179351049e-10],Bool[0],Bool[0],[20],[2.4844375e6],[3],[1.875e8],[0.022251761335372135],[0.0],[0.0],Bool[0],[2.593052741785827e-10],[2.4844375e6],[2.503725e6],[1],[1.6720241541549324e-10],Bool[0],Bool[0],[0.500027976],[0.4],[3],Bool[1],[0.6667384],[0.542],[2.4823571428571427e6],[20],[0.9947159551732994],[2.5032e6],[0.19500707133579473],[0.12],[0.5005137999999999],[3],[9.615302722289244e-11],[0.17208628082447477],[3],[3],[0.20896508810803777],[0.17208628082447477],[0.12376820289557415]
"String3[""L1""]","String3[""L1""]","String3[""L2""]","String3[""L1""]","String3[""L1""]","String3[""L2""]","String7[""C1_3""]","String7[""D1_3""]","String7[""F1_1""]","String3[""L3""]","String3[""L1""]","String3[""L3""]","[""L0""]","[""L0""]","String3[""L_3""]","String3[""M_1""]","String7[""N1_1""]",[2.0],[2],[2.503125e6],Bool[0],Bool[0],[0],[0.259587165069522],[1.2498265e8],[-2.0],[20],[1],[2.5144e6],[0.0030474569796315187],[0.5000082],[-0.07059513015753918],[0.677864463066309],[2.515283e6],[0.1],[20],[20],[0.9949755156775599],[0.9951663490748357],[1.6228717674130199e-10],[1.8437705e8],[0.14],[0],Bool[0],[20],[2.5144e6],[0.5005289999999999],[1.2498265e8],[20],[3.7635945389848885e-10],Bool[0],[0.06],[-2.0],Bool[0],[0],[0.9959891957437423],[0.06],[1.2136455142190965e-10],[0.99498406776325],[0],[1.6055318031202559e-10],[2.853769186449087e-10],Bool[0],[0.19704175982553462],[0.06767811947742049],[2.0],Bool[0],[0.525],Bool[0],[2.515283e6],[0.525],[0.14440895594223044],[2.502645e6],[0.534],[2.674e6],[1.894961015793147e-10],[2.0],[2.0],Bool[0],[1.4518002322880375],[0.4],Bool[0],[1.8628912071535024],[20],[0.9951729110989354],[0.1],[3.5476284342939426e-10],Bool[0],Bool[0],[20],[2.504875e6],[3],[1.8437705e8],[0.06351997048863386],[-2.0],[-2.0],Bool[0],[2.9316028129249515e-10],[2.504875e6],[2.5011e6],[1],[2.682895371034557e-10],Bool[0],Bool[0],[0.5000082],[0.4],[3],Bool[0],[0.677864463066309],[0.534],[2.674e6],[20],[0.9953599664330224],[2.499975e6],[-0.07457462008272064],[0.18],[0.5005289999999999],[2],[5.34319070833889e-10],[0.044589772997852294],[3],[3],[0.6665316255482556],[0.044589772997852294],[0.06767811947742049]
"String3[""L1""]","String3[""L1""]","String3[""L2""]","String3[""L1""]","String3[""L1""]","String3[""L2""]","String7[""C1_3""]","String7[""D1_3""]","String7[""F1_1""]","String3[""L3""]","String3[""L1""]","String3[""L3""]","[""L0""]","[""L0""]","String3[""L_3""]","String3[""M_2""]","String7[""N1_1""]",[2.0],[2],[2.50463e6],Bool[0],Bool[0],[0],[0.10408769375516005],[1.25032e8],[2.0],[20],[1],[2.5135e6],[0.004175999999999985],[0.500063408],[0.1682979930989844],[0.6668373333333333],[2.516142e6],[0.18],[20],[20],[0.9933453676302848],[0.9954247415288963],[2.2216793045112342e-10],[1.875e8],[0.04],[0],Bool[0],[20],[2.5135e6],[0.49987960000000004],[1.25032e8],[20],[3.203746713528025e-10],Bool[0],[0.1],[2.0],Bool[0],[0],[0.9957237551256028],[0.1],[1.990470429547145e-10],[0.9933582004691978],[0],[3.627270817066576e-10],[8.420054162612932e-11],Bool[0],[0.17474454727154873],[0.0708109506785497],[1.9716088328075707],Bool[0],[0.506],Bool[1],[2.516142e6],[0.506],[-0.01817716058973528],[2.499398e6],[0.499],[2.5095625e6],[1.716734825066162e-10],[2.0],[1.9716088328075707],Bool[0],[1.0],[0.4],Bool[0],[1.3340448239060834],[20],[0.995423701272247],[0.18],[2.348690678649624e-10],Bool[0],Bool[0],[20],[2.8133125e6],[1],[1.875e8],[0.14348159617839154],[-2.0],[-2.0],Bool[0],[2.4964437247455713e-10],[2.8133125e6],[2.50255e6],[1],[2.611773369880788e-10],Bool[0],Bool[0],[0.500063408],[0.4],[3],Bool[1],[0.6668373333333333],[0.499],[2.5095625e6],[20],[0.9946094203453155],[2.5007e6],[0.10412159688510364],[0.12],[0.49987960000000004],[2],[4.0598164968715004e-10],[0.1911368900448053],[3],[3],[0.29169276771287966],[0.1911368900448053],[0.0708109506785497]
"String3[""L1""]","String3[""L1""]","String3[""L2""]","String3[""L1""]","String3[""L1""]","String3[""L2""]","String7[""C1_3""]","String7[""D1_3""]","String7[""F1_1""]","String3[""L3""]","String3[""L1""]","String3[""L3""]","[""L0""]","[""L0""]","String3[""L_1""]","String3[""M_1""]","String7[""N1_2""]",[0.0],[3],[2.501629e6],Bool[0],Bool[0],[0],[0.0955264127806663],[1.2497875e8],[2.0],[20],[1],[2.51165e6],[0.014693149144151119],[0.4999456],[0.08657639760439222],[0.6778440460394024],[2.514403e6],[0.18],[20],[20],[0.994592752235819],[0.9949196688040859],[5.963445714122016e-11],[1.8437685e8],[0.08],[0],Bool[0],[20],[2.51165e6],[0.5001614000000001],[1.2497875e8],[20],[1.4399779473141398e-10],Bool[0],[0.06],[2.0],Bool[0],[0],[0.9955821046567725],[0.06],[1.9153730852121712e-10],[0.9946031065304498],[0],[3.5124754299348723e-10],[2.6123469109222525e-10],Bool[0],[0.23821120806887616],[0.10804673944178049],[2.025931928687196],Bool[0],[0.443],Bool[1],[2.514403e6],[0.443],[0.1411718178321201],[2.500807e6],[0.519],[2.333176470588235e6],[1.6400896589228353e-10],[0.0],[2.025931928687196],Bool[0],[1.226692836113837],[0.4],Bool[0],[1.6404199475065615],[20],[0.9949270467231102],[0.18],[4.2028553238270104e-10],Bool[0],Bool[0],[20],[2.4882857142857146e6],[3],[1.8437685e8],[0.10001675097453139],[2.0],[2.0],Bool[0],[2.4771731919966197e-10],[2.4882857142857146e6],[2.501825e6],[1],[1.3644703789860595e-10],Bool[0],Bool[0],[0.4999456],[0.4],[3],Bool[1],[0.6778440460394024],[0.519],[2.333176470588235e6],[20],[0.9952400733329636],[2.50035e6],[0.2733091494248625],[0.12],[0.5001614000000001],[3],[2.649488373944191e-10],[0.22156538065320586],[3],[3],[0.01718888896933135],[0.22156538065320586],[0.10804673944178049]
"String3[""L1""]","String3[""L1""]","String3[""L2""]","String3[""L1""]","String3[""L1""]","String3[""L2""]","String7[""C1_3""]","String7[""D1_3""]","String7[""F1_1""]","String3[""L3""]","String3[""L1""]","String3[""L3""]","[""L0""]","[""L0""]","String3[""L_1""]","String3[""M_2""]","String7[""N1_2""]",[2.0],[3],[2.499306e6],Bool[0],Bool[0],[0],[-0.08100259187422396],[1.250047e8],[2.0],[20],[1],[2.517425e6],[0.005811599812300333],[0.500012032],[-0.04406002060859326],[0.6666917333333333],[2.519664e6],[0.28],[20],[20],[0.9921553032467821],[0.9919203512849333],[2.0744440553047616e-10],[1.875e8],[0.04],[0],Bool[0],[20],[2.517425e6],[0.49997959999999997],[1.250047e8],[20],[1.7647417276021493e-10],Bool[0],[0.18],[2.0],Bool[0],[0],[0.9927253806597864],[0.18],[2.476593089517006e-10],[0.9921804473412604],[0],[4.976420266534576e-10],[3.693463501904825e-10],Bool[0],[-0.10758457960241885],[0.24592119911874213],[2.1079258010118043],Bool[0],[0.5],Bool[1],[2.519664e6],[0.5],[-0.12741359683793946],[2.499898e6],[0.51],[2.5035714285714286e6],[2.3567293566713907e-10],[2.0],[2.1079258010118043],Bool[0],[1.0],[0.4],Bool[0],[1.1759172154280337],[20],[0.991940040273468],[0.28],[5.558308556167768e-10],Bool[0],Bool[0],[20],[2.6749333333333335e6],[1],[1.875e8],[0.27582889000975425],[2.0],[2.0],Bool[0],[5.175145089417385e-10],[2.6749333333333335e6],[2.50035e6],[1],[3.3777617830566283e-10],Bool[0],Bool[0],[0.500012032],[0.4],[3],Bool[1],[0.6666917333333333],[0.51],[2.5035714285714286e6],[20],[0.9932777584882966],[2.50225e6],[-0.022613004662521693],[0.04],[0.49997959999999997],[3],[2.392090123014353e-10],[0.3142964781476242],[3],[3],[0.0027633631683150308],[0.3142964781476242],[0.24592119911874213]
"String3[""L1""]","String3[""L1""]","String3[""L2""]","String3[""L1""]","String3[""L1""]","String3[""L2""]","String7[""C1_3""]","String7[""D1_3""]","String7[""F1_1""]","String3[""L3""]","String3[""L1""]","String3[""L3""]","[""L0""]","[""L0""]","String3[""L_2""]","String3[""M_1""]","String7[""N1_2""]",[1.0],[3],[2.500753e6],Bool[0],Bool[0],[0],[-0.031858568023171496],[1.5313545e8],[2.0],[11],[2],[2.513675e6],[0.008722432688189702],[0.499901752],[0.06817667095740619],[0.8449225345118682],[2.515549e6],[0.1],[11],[20],[0.9936395593963783],[0.9941181825518008],[1.9554170831651279e-10],[1.81242e8],[0.12],[0],Bool[0],[20],[2.513675e6],[0.49990980000000007],[1.5313545e8],[11],[3.6457589518076565e-10],Bool[0],[0.08],[2.0],Bool[0],[0],[0.9950182702256638],[0.08],[2.1747567629590778e-10],[0.9936497102571594],[0],[2.479390678145947e-10],[1.7190372591253781e-10],Bool[0],[0.09848016263942326],[0.05947061553406018],[2.9832935560859184],Bool[0],[0.481],Bool[0],[2.515549e6],[0.481],[0.33223997275396683],[2.499549e6],[0.505],[2.49485e6],[3.582265298242729e-10],[1.0],[2.9832935560859184],Bool[0],[1.8628912071535024],[0.22],Bool[0],[2.166377816291161],[20],[0.994122668124318],[0.1],[2.1821949709421979e-10],Bool[0],Bool[0],[20],[2.49485e6],[3],[1.81242e8],[0.09252756108592423],[2.0],[2.0],Bool[0],[5.303423800116907e-10],[2.49485e6],[2.498525e6],[2],[2.7519099271965573e-10],Bool[0],Bool[0],[0.499901752],[0.22],[3],Bool[0],[0.8449225345118682],[0.505],[2.49485e6],[11],[0.9948385396103112],[2.4975e6],[0.20149129952096154],[0.12],[0.49990980000000007],[3],[4.247018114115212e-10],[0.05473677111412398],[3],[3],[0.30318567596771456],[0.05473677111412398],[0.05947061553406018]
"String3[""L1""]","String3[""L1""]","String3[""L2""]","String3[""L1""]","String3[""L1""]","String3[""L2""]","String7[""C1_3""]","String7[""D1_3""]","String7[""F1_1""]","String3[""L3""]","String3[""L1""]","String3[""L3""]","[""L0""]","[""L0""]","String3[""L_2""]","String3[""M_2""]","String7[""N1_2""]",[1.0],[3],[2.503281e6],Bool[0],Bool[0],[0],[0.2982680413936418],[1.5624935e8],[-2.0],[10],[2],[2.515975e6],[0.010345126002132585],[0.49998410399999993],[0.39032357701074016],[0.8474543315130391],[2.519019e6],[0.18],[10],[20],[0.9931362169161884],[0.9937523297759961],[2.2332752024316622e-10],[1.8437495e8],[0.08],[0],Bool[0],[20],[2.515975e6],[0.5003458],[1.5624935e8],[10],[9.523708407857931e-11],Bool[0],[0.06],[-2.0],Bool[0],[0],[0.9949027310191807],[0.06],[2.27902172197013e-10],[0.993149277809657],[0],[3.4863731853833515e-10],[1.076723940605704e-10],Bool[0],[0.17467172739997142],[0.07342802876286414],[2.9274004683840746],Bool[0],[0.467],Bool[1],[2.519019e6],[0.467],[0.0009383393734661239],[2.501729e6],[0.517],[2.665176470588235e6],[1.0212819304297085e-10],[1.0],[2.9274004683840746],Bool[0],[1.226692836113837],[0.2],Bool[0],[1.9201228878648229],[20],[0.9937616849969593],[0.18],[1.6413106792274526e-10],Bool[0],Bool[0],[20],[2.4982857142857146e6],[3],[1.8437495e8],[0.010771013366919536],[2.0],[2.0],Bool[0],[1.3389922497363236e-10],[2.4982857142857146e6],[2.5016e6],[2],[2.7672707440019085e-10],Bool[0],Bool[0],[0.49998410399999993],[0.2],[3],Bool[1],[0.8474543315130391],[0.517],[2.665176470588235e6],[10],[0.9942688483728596],[2.501875e6],[-0.02429315848300333],[0.14],[0.5003458],[3],[1.2478575164448485e-10],[0.22975899418303522],[3],[3],[0.32491721316052186],[0.22975899418303522],[0.07342802876286414]
"String3[""L1""]","String3[""L1""]","String3[""L2""]","String3[""L1""]","String3[""L1""]","String3[""L2""]","String7[""C1_3""]","String7[""D1_3""]","String7[""F1_1""]","String3[""L3""]","String3[""L1""]","String3[""L3""]","[""L0""]","[""L0""]","String3[""L_3""]","String3[""M_1""]","String7[""N1_2""]",[2.0],[2],[2.507688e6],Bool[0],Bool[0],[0],[0.043916964902123],[1.251285e8],[-2.0],[20],[1],[2.514175e6],[0.0007040000000000102],[0.5],[0.1373677527076106],[0.667352],[2.517128e6],[0.1],[20],[20],[0.9936618241106531],[0.9962496940958108],[1.8426351455949607e-10],[1.875e8],[0.12],[0],Bool[0],[20],[2.514175e6],[0.5002347999999999],[1.251285e8],[20],[7.557777664866627e-11],Bool[0],[0.06],[-2.0],Bool[0],[0],[0.9978916488079629],[0.06],[1.2610236941538906e-10],[0.9936906446973032],[0],[2.5163993636718675e-10],[1.0983059606376663e-10],Bool[0],[0.05619536278087755],[0.27577362066738725],[2.0],Bool[0],[0.5],Bool[0],[2.517128e6],[0.5],[0.025876850108277734],[2.501174e6],[0.518],[2.697866666666667e6],[1.269945291909314e-10],[2.0],[2.0],Bool[0],[2.181500872600349],[0.4],Bool[0],[2.9976019184652274],[20],[0.996255535993828],[0.1],[1.56457256274071e-10],Bool[0],Bool[0],[20],[2.498375e6],[3],[1.875e8],[0.042616541333573565],[2.0],[2.0],Bool[0],[2.1335302445418997e-10],[2.498375e6],[2.5048e6],[1],[3.8476958525147063e-10],Bool[0],Bool[0],[0.5],[0.4],[3],Bool[0],[0.667352],[0.518],[2.697866666666667e6],[20],[0.9966540796110241],[2.4999e6],[0.0004888113723945547],[0.2],[0.5002347999999999],[2],[1.0949358689571977e-10],[0.03708867557624565],[3],[3],[0.5694716585186659],[0.03708867557624565],[0.27577362066738725]
"String3[""L1""]","String3[""L1""]","String3[""L2""]","String3[""L1""]","String3[""L1""]","String3[""L2""]","String7[""C1_3""]","String7[""D1_3""]","String7[""F1_1""]","String3[""L3""]","String3[""L1""]","String3[""L3""]","[""L0""]","[""L0""]","String3[""L_3""]","String3[""M_2""]","String7[""N1_2""]",[-2.0],[2],[2.506097e6],Bool[0],Bool[0],[0],[0.09690372829640977],[1.2507225e8],[0.0],[20],[1],[2.514375e6],[0.0008479999999999877],[0.4996558],[0.17866983708882875],[0.6782409867748912],[2.515287e6],[0.26],[20],[20],[0.9935951642894032],[0.9963463413916583],[1.6658219353936423e-10],[1.844068e8],[0.08],[0],Bool[0],[20],[2.514375e6],[0.4998354],[1.2507225e8],[20],[1.0330035341060188e-10],Bool[0],[0.16],[0.0],Bool[0],[0],[0.9970934857516804],[0.16],[1.0816467912064417e-10],[0.9936018327055411],[0],[1.3721164192375648e-10],[1.4383448410499425e-10],Bool[0],[0.07358406610474567],[0.06911823759327199],[2.0],Bool[0],[0.35000000000000003],Bool[0],[2.515287e6],[0.35000000000000003],[0.07295426700500146],[2.499177e6],[0.49],[2.5007142857142854e6],[9.657776430958631e-11],[-2.0],[2.0],Bool[0],[1.3340448239060834],[0.4],Bool[0],[2.431906614785992],[20],[0.9963455482201691],[0.26],[3.7421673318971064e-10],Bool[0],Bool[0],[20],[2.327066666666667e6],[3],[1.844068e8],[0.00814575760576197],[2.0],[2.0],Bool[0],[1.6033516105535025e-10],[2.327066666666667e6],[2.504525e6],[1],[3.752487449212059e-10],Bool[0],Bool[0],[0.4996558],[0.4],[3],Bool[0],[0.6782409867748912],[0.49],[2.5007142857142854e6],[20],[0.994221836642174],[2.49865e6],[-0.029170728789468064],[0.2],[0.4998354],[2],[2.613265979880663e-10],[0.1937350014013988],[3],[3],[0.2770027631053525],[0.1937350014013988],[0.06911823759327199]
"String3[""L1""]","String3[""L1""]","String3[""L2""]","String3[""L1""]","String3[""L1""]","String3[""L2""]","String7[""C1_3""]","String7[""D1_3""]","String7[""F1_2""]","String3[""L3""]","String3[""L1""]","String3[""L3""]","[""L0""]","[""L0""]","String3[""L_1""]","String3[""M_1""]","String7[""N1_1""]",[0.0],[3],[4.14893125e6],Bool[0],Bool[0],[0],[0.15370507168334283],[2.097144084507042e8],[0.0],[20],[1],[4.29069375e6],[0.015532667406453869],[0.47353734],[-0.08240988635421444],[0.9674931837245258],[4.30809675e6],[0.22],[3],[0],[0.9672806791073111],[0.9630543348405535],[5.243191584092118e-10],[2.1676060563380274e8],[0.28],[0],Bool[0],[0],[4.29069375e6],[0.4887024],[2.097144084507042e8],[3],[1.3074350357182462e-10],Bool[0],[0.16],[0.0],Bool[0],[0],[0.9697475791673937],[0.16],[2.0030647128784282e-10],[0.9674235538800459],[0],[3.1074754366828436e-10],[3.370976498692038e-10],Bool[0],[0.060004219647638884],[0.1910888143665139],[1.515151515151515],Bool[0],[0.7150000000000001],Bool[1],[4.30809675e6],[0.7150000000000001],[-0.03236030481445577],[4.16713875e6],[0.7559999999999999],[2.9029e6],[9.38893293077037e-11],[0.0],[1.515151515151515],Bool[0],[1.0],[0.4],Bool[0],[1.0],[0],[0.9632293431642247],[0.22],[4.4657612251629765e-10],Bool[0],Bool[1],[0],[2.9029e6],[1],[2.1676060563380274e8],[0.3379064381547019],[0.0],[0.0],Bool[0],[1.425966670546473e-10],[2.9029e6],[4.164575e6],[1],[8.583588801264491e-10],Bool[1],Bool[0],[0.47353734],[0.4],[3],Bool[1],[0.9674931837245258],[0.7559999999999999],[2.9029e6],[20],[0.9840170000146128],[4.1690125e6],[-0.07784887433421518],[0.2],[0.48870240000000004],[3],[2.098257829172372e-10],[0.1910888143665139],[1],[3],[0.018169616836906648],[0.1910888143665139],[0.1910888143665139]
"String3[""L1""]","String3[""L1""]","String3[""L2""]","String3[""L1""]","String3[""L1""]","String3[""L2""]","String7[""C1_3""]","String7[""D1_3""]","String7[""F1_2""]","String3[""L3""]","String3[""L1""]","String3[""L3""]","[""L0""]","[""L0""]","String3[""L_1""]","String3[""M_2""]","String7[""N1_1""]",[0.0],[3],[4.1133165e6],Bool[0],Bool[0],[0],[0.0819120252011741],[2.11088875e8],[0.0],[20],[1],[4.28303125e6],[0.002306879646779142],[0.436107952],[0.21167357785072446],[0.944100469928301],[4.2794495e6],[0.44],[4],[0],[0.9614702778943881],[0.9611788852748466],[2.5513856004232436e-10],[2.235873e8],[0.2],[0],Bool[0],[0],[4.28303125e6],[0.4726996],[2.11088875e8],[4],[9.882118073075774e-11],Bool[0],[0.34],[0.0],Bool[0],[0],[0.9699273915325632],[0.34],[2.5496881615013286e-10],[0.9618542428344296],[0],[3.3882043701210557e-10],[2.2529442183882974e-10],Bool[0],[0.0942383863452149],[0.17026743138956432],[1.649076517150396],Bool[0],[0.6140000000000001],Bool[1],[4.2794495e6],[0.6140000000000001],[-0.05058202062891959],[4.1145635e6],[0.7140000000000001],[2.89845e6],[3.13852064347151e-10],[0.0],[1.649076517150396],Bool[0],[1.0831889081455806],[0.4],Bool[0],[1.0831889081455806],[0],[0.9615754344988112],[0.44],[2.768269482454985e-10],Bool[0],Bool[1],[0],[2.89845e6],[2],[2.235873e8],[0.011163629511307895],[0.0],[0.0],Bool[0],[3.5080270724843766e-10],[2.89845e6],[4.1515625e6],[1],[2.9145652892360124e-10],Bool[1],Bool[0],[0.4361079520000001],[0.4],[3],Bool[1],[0.944100469928301],[0.7140000000000001],[2.89845e6],[20],[0.969514213632237],[4.152725e6],[0.1596678406559048],[0.22],[0.4726996],[3],[1.2869502529936395e-10],[0.17026743138956432],[2],[3],[0.004171113999880622],[0.17026743138956432],[0.17026743138956432]
"String3[""L1""]","String3[""L1""]","String3[""L2""]","String3[""L1""]","String3[""L1""]","String3[""L2""]","String7[""C1_3""]","String7[""D1_3""]","String7[""F1_2""]","String3[""L3""]","String3[""L1""]","String3[""L3""]","[""L0""]","[""L0""]","String3[""L_2""]","String3[""M_1""]","String7[""N1_1""]",[0.0],[3],[4.021277e6],Bool[0],Bool[0],[0],[0.2621069602221156],[1.9910642253521127e8],[0.0],[20],[1],[4.29148125e6],[0.009873960907356271],[0.374920188],[0.32550064585495625],[0.9039935940223156],[4.3023175e6],[0.08],[6],[0],[0.940659075021776],[0.9346769502715687],[2.240994976176311e-10],[2.20252028169014e8],[0.08],[0],Bool[0],[0],[4.29148125e6],[0.4530016],[1.9910642253521127e8],[6],[8.870686074632293e-11],Bool[0],[0.08],[0.0],Bool[0],[0],[0.9417455259502778],[0.08],[1.2338949406255823e-10],[0.9408330430230091],[0],[1.7919849813961928e-10],[8.151115006735782e-11],Bool[0],[0.5654651035814122],[0.13481607387845115],[2.50501002004008],Bool[0],[0.447],Bool[1],[4.3023175e6],[0.447],[0.4355757220773483],[4.047014e6],[0.66],[2.9063e6],[1.0519192278603216e-10],[0.0],[2.50501002004008],Bool[0],[1.0407993338884265],[0.4],Bool[0],[1.172607879924953],[0],[0.9349581982684663],[0.08],[3.467832749728836e-10],Bool[0],Bool[1],[0],[2.9063e6],[2],[2.20252028169014e8],[0.186219773020211],[0.0],[0.0],Bool[0],[1.5498790110860424e-10],[2.9063e6],[4.00420625e6],[1],[2.8690140508371286e-10],Bool[1],Bool[0],[0.374920188],[0.4],[3],Bool[1],[0.9039935940223156],[0.66],[2.9063e6],[20],[0.9490554309090282],[4.093325e6],[-0.007565873421833891],[0.1],[0.45300160000000006],[3],[1.1312418669342e-10],[0.18347297832650994],[2],[3],[0.1985550144821329],[0.18347297832650994],[0.13481607387845115]
"String3[""L1""]","String3[""L1""]","String3[""L2""]","String3[""L1""]","String3[""L1""]","String3[""L2""]","String7[""C1_3""]","String7[""D1_3""]","String7[""F1_2""]","String3[""L3""]","String3[""L1""]","String3[""L3""]","[""L0""]","[""L0""]","String3[""L_2""]","String3[""M_2""]","String7[""N1_1""]",[0.0],[3],[4.09543925e6],Bool[0],Bool[0],[0],[0.018118820731209982],[2.017421125e8],[0.0],[20],[1],[4.34554375e6],[0.008482026173032006],[0.35194060800000004],[0.09318156002152653],[0.9020819400773954],[4.31729325e6],[0.24],[7],[0],[0.9632922780957721],[0.9486127100585535],[2.5234509698510855e-10],[2.236405625e8],[0.18],[0],Bool[0],[0],[4.34554375e6],[0.48606179999999993],[2.017421125e8],[7],[1.656914341498459e-10],Bool[0],[0.06],[0.0],Bool[0],[0],[0.9567941071032693],[0.06],[1.4598475091304885e-10],[0.963438008070883],[0],[2.8094312536295876e-10],[1.208527534578901e-10],Bool[0],[0.27300388111975293],[0.17416539895168615],[2.431906614785992],Bool[0],[0.38400000000000006],Bool[1],[4.31729325e6],[0.38400000000000006],[0.05893468596124422],[4.15881525e6],[0.7490000000000001],[2.888e6],[2.0584428644053004e-10],[0.0],[2.431906614785992],Bool[0],[1.0],[0.4],Bool[0],[1.0407993338884265],[0],[0.9487696720074402],[0.24],[1.7744118108992938e-10],Bool[0],Bool[1],[0],[2.888e6],[1],[2.236405625e8],[0.03507120938695374],[0.0],[0.0],Bool[0],[2.966325633074681e-10],[2.888e6],[4.10253125e6],[1],[4.775554052041588e-10],Bool[1],Bool[0],[0.35194060800000004],[0.4],[3],Bool[1],[0.9020819400773954],[0.7490000000000001],[2.888e6],[20],[0.9700217467735106],[4.15883125e6],[0.2587799034841875],[0.14],[0.48606179999999993],[3],[2.318723814327471e-10],[0.19152625457623298],[2],[3],[0.1901411743731483],[0.19152625457623298],[0.17416539895168615]
"String3[""L1""]","String3[""L1""]","String3[""L2""]","String3[""L1""]","String3[""L1""]","String3[""L2""]","String7[""C1_3""]","String7[""D1_3""]","String7[""F1_2""]","String3[""L3""]","String3[""L1""]","String3[""L3""]","[""L0""]","[""L0""]","String3[""L_3""]","String3[""M_1""]","String7[""N1_1""]",[0.0],[3],[3.838215e6],Bool[0],Bool[0],[2],[0.2273376185052215],[2.1613093506493503e8],[0.0],[4],[2],[4.2883625e6],[0.007011305156673771],[0.278343192],[0.001935388204020126],[0.9704541838291635],[4.299677e6],[0.08],[2],[0],[0.9155207472561311],[0.892675193973873],[5.2052260077969834e-11],[2.193951168831168e8],[0.08],[0],Bool[0],[0],[4.2883625e6],[0.42038],[2.1291290909090906e8],[3],[1.8811475724251887e-10],Bool[1],[0.02],[0.0],Bool[0],[0],[0.8999085821107027],[0.02],[5.5058623050259515e-11],[0.9160415670026587],[0],[1.6226201190089566e-10],[2.8008014435471956e-10],Bool[0],[0.2654666843196066],[0.08919419487836637],[2.4084778420038533],Bool[0],[0.184],Bool[0],[4.299677e6],[0.184],[0.04019541443014481],[3.9364435e6],[0.57],[2.91325e6],[1.3046267499208234e-10],[0.0],[2.4084778420038533],Bool[1],[1.3919821826280625],[0.34],Bool[0],[1.9349845201238385],[0],[0.8931373554728165],[0.08],[7.738617597125642e-10],Bool[0],Bool[1],[0],[2.91325e6],[3],[2.193951168831168e8],[0.087503151250285],[0.0],[0.0],Bool[0],[2.0223242677711318e-10],[2.91325e6],[3.8789e6],[2],[1.3306109669903171e-10],Bool[0],Bool[0],[0.2783431920000001],[0.08],[3],Bool[0],[0.9851219030552956],[0.57],[2.91325e6],[17],[0.9125814760356619],[3.9400125e6],[0.24904390759936967],[0.02],[0.42038],[3],[2.8044733167906533e-10],[0.05958191336303322],[3],[3],[0.5814055421132482],[0.05958191336303322],[0.08919419487836637]
"String3[""L1""]","String3[""L1""]","String3[""L2""]","String3[""L1""]","String3[""L1""]","String3[""L2""]","String7[""C1_3""]","String7[""D1_3""]","String7[""F1_2""]","String3[""L3""]","String3[""L1""]","String3[""L3""]","[""L0""]","[""L0""]","String3[""L_3""]","String3[""M_2""]","String7[""N1_1""]",[0.0],[3],[3.8962465e6],Bool[0],Bool[0],[2],[0.27238887249398674],[2.0620549295774645e8],[0.0],[7],[2],[4.28690625e6],[0.009740662811123279],[0.29205020400000004],[-0.06295029609871745],[0.9361388244061589],[4.297168e6],[0.16],[4],[0],[0.9475121754606755],[0.9067009947016268],[3.1329190126405615e-10],[2.202916619718309e8],[0.12],[0],Bool[0],[0],[4.28690625e6],[0.46020439999999996],[2.0622357746478873e8],[4],[1.149434437599019e-10],Bool[1],[0.02],[0.0],Bool[0],[0],[0.9145012212470562],[0.02],[2.2839387205793897e-10],[0.9476748055067502],[0],[3.1224611821740103e-10],[8.466790243965342e-11],Bool[0],[0.27852996946877656],[0.07386507992278897],[2.485089463220676],Bool[0],[0.22100000000000003],Bool[0],[4.297168e6],[0.22100000000000003],[0.21028905923948094],[4.071619e6],[0.679],[2.86345e6],[1.4448586765942506e-10],[0.0],[2.485089463220676],Bool[1],[1.172607879924953],[0.34],Bool[0],[1.6914749661705004],[0],[0.9069118985553528],[0.16],[1.6904172313723587e-10],Bool[0],Bool[1],[0],[2.86345e6],[2],[2.202916619718309e8],[0.07491277320564846],[0.0],[0.0],Bool[0],[3.137648230963213e-10],[2.86345e6],[3.97449375e6],[2],[3.896647955018049e-10],Bool[0],Bool[0],[0.29205020400000004],[0.14],[3],Bool[0],[0.9360567309357097],[0.679],[2.86345e6],[17],[0.9564626789497238],[4.1054125e6],[-0.002132053016507074],[0.1],[0.4602044],[3],[2.0234491314139787e-10],[0.12378291494386452],[3],[3],[0.5739716805139431],[0.12378291494386452],[0.07386507992278897]
"String3[""L1""]","String3[""L1""]","String3[""L2""]","String3[""L1""]","String3[""L1""]","String3[""L2""]","String7[""C1_3""]","String7[""D1_3""]","String7[""F1_2""]","String3[""L3""]","String3[""L1""]","String3[""L3""]","[""L0""]","[""L0""]","String3[""L_1""]","String3[""M_1""]","String7[""N1_2""]",[0.0],[3],[4.0784615e6],Bool[0],Bool[0],[0],[0.23486876793804926],[2.0958228571428567e8],[0.0],[20],[1],[4.29073125e6],[0.010306785609937927],[0.40875842800000006],[0.04908688539619608],[0.9416965017527592],[4.2981835e6],[0.16],[4],[0],[0.9566376121447584],[0.9488802653493039],[8.015916617134553e-11],[2.2255820779220772e8],[0.22],[0],Bool[0],[0],[4.29073125e6],[0.47228660000000006],[2.0958228571428567e8],[4],[3.610523972047418e-10],Bool[0],[0.12],[0.0],Bool[0],[0],[0.9570619591273493],[0.12],[1.7554728706649593e-10],[0.9569694656931854],[0],[2.959943438278663e-10],[2.4316965238932856e-10],Bool[0],[0.010168227954797455],[0.20232208504263688],[2.1079258010118043],Bool[0],[0.539],Bool[1],[4.2981835e6],[0.539],[-0.03478897848420437],[4.111804e6],[0.7120000000000001],[2.89225e6],[1.23533506193544e-10],[0.0],[2.1079258010118043],Bool[0],[1.172607879924953],[0.4],Bool[0],[1.3340448239060834],[0],[0.9492796706109067],[0.16],[4.1833930597804763e-10],Bool[0],Bool[1],[0],[2.89225e6],[2],[2.2255820779220772e8],[-0.03771169512779772],[0.0],[0.0],Bool[0],[1.8826367702816775e-10],[2.89225e6],[4.098975e6],[1],[1.1418569941516637e-10],Bool[1],Bool[0],[0.40875842800000006],[0.4],[3],Bool[1],[0.9416965017527592],[0.7120000000000001],[2.89225e6],[20],[0.9706299975289505],[4.10155625e6],[0.15343475611400773],[0.24],[0.47228660000000006],[3],[7.215912116785707e-10],[0.2563458329990952],[3],[3],[0.011989415999121879],[0.2563458329990952],[0.20232208504263688]
"String3[""L1""]","String3[""L1""]","String3[""L2""]","String3[""L1""]","String3[""L1""]","String3[""L2""]","String7[""C1_3""]","String7[""D1_3""]","String7[""F1_2""]","String3[""L3""]","String3[""L1""]","String3[""L3""]","[""L0""]","[""L0""]","String3[""L_1""]","String3[""M_2""]","String7[""N1_2""]",[0.0],[3],[4.131733e6],Bool[0],Bool[0],[0],[0.00730961859797359],[1.9562549295774645e8],[0.0],[20],[1],[4.31661875e6],[0.005052584622367757],[0.383361116],[-0.05347311534158349],[0.8882958564002679],[4.3054575e6],[0.32],[7],[0],[0.9682419348001925],[0.9596501649360143],[1.5163083625009688e-10],[2.202256056338027e8],[0.3],[0],Bool[0],[0],[4.31661875e6],[0.4887446],[1.9562549295774645e8],[7],[8.65478493907955e-11],Bool[0],[0.22],[0.0],Bool[0],[0],[0.970838221642919],[0.22],[1.2266417764411864e-10],[0.9682925839263831],[0],[2.9467724832313885e-10],[1.0576940456147345e-10],Bool[0],[-0.036595891786788654],[0.15726450773140135],[2.1079258010118043],Bool[0],[0.4700000000000001],Bool[1],[4.3054575e6],[0.4700000000000001],[-0.058438379762422506],[4.1687245e6],[0.758],[2.86405e6],[2.869874396731827e-10],[0.0],[2.1079258010118043],Bool[0],[1.1291779584462511],[0.4],Bool[0],[1.4518002322880375],[0],[0.9596919894351914],[0.32],[1.3243244730854504e-10],Bool[0],Bool[1],[0],[2.86405e6],[3],[2.202256056338027e8],[-0.0050092129320879],[0.0],[0.0],Bool[0],[4.496904440737148e-10],[2.86405e6],[4.1622375e6],[1],[2.1343121520196655e-10],Bool[1],Bool[0],[0.383361116],[0.4],[3],Bool[1],[0.8882958564002679],[0.758],[2.86405e6],[20],[0.971135562272323],[4.2205625e6],[0.13563145388297856],[0.22],[0.4887446],[3],[1.346709939082259e-10],[0.2613098647047218],[3],[3],[0.002793813164834052],[0.2613098647047218],[0.15726450773140135]
"String3[""L1""]","String3[""L1""]","String3[""L2""]","String3[""L1""]","String3[""L1""]","String3[""L2""]","String7[""C1_3""]","String7[""D1_3""]","String7[""F1_2""]","String3[""L3""]","String3[""L1""]","String3[""L3""]","[""L0""]","[""L0""]","String3[""L_2""]","String3[""M_1""]","String7[""N1_2""]",[0.0],[3],[3.93125425e6],Bool[0],Bool[0],[2],[0.043361629050946184],[2.1811241891891885e8],[0.0],[3],[2],[4.292325e6],[0.007045506937048611],[0.331718808],[0.040385704777627866],[0.9542756812099116],[4.31829875e6],[0.04],[1],[0],[0.9208211335540414],[0.910371069162364],[1.7428954705356967e-10],[2.2149133783783776e8],[0.02],[0],Bool[0],[0],[4.292325e6],[0.4324284],[2.113637972972973e8],[3],[2.0219934499355886e-10],Bool[1],[0.02],[0.0],Bool[0],[0],[0.9209269545390291],[0.02],[9.904969768482524e-11],[0.9209680682519317],[0],[2.304267217533996e-10],[1.0526089524205364e-10],Bool[0],[0.331562174580934],[0.12882239631368456],[2.969121140142518],Bool[0],[0.329],Bool[0],[4.31829875e6],[0.329],[0.23569603702005176],[3.97638075e6],[0.6030000000000001],[2.88905e6],[9.149111556708158e-11],[0.0],[2.969121140142518],Bool[1],[1.8628912071535024],[0.38],Bool[0],[2.51004016064257],[0],[0.9106156685361375],[0.04],[1.7892099810337205e-10],Bool[0],Bool[1],[0],[2.88905e6],[3],[2.2149133783783776e8],[0.21948431543640642],[0.0],[0.0],Bool[0],[1.703525479759946e-10],[2.88905e6],[3.94496875e6],[2],[2.690449216772488e-10],Bool[0],Bool[0],[0.33171880800000003],[0.06],[3],Bool[0],[0.9847446904610204],[0.6030000000000001],[2.88905e6],[19],[0.9293259931226003],[4.031025e6],[0.34051837114766054],[0.02],[0.4324284],[3],[2.855006540758231e-10],[0.04423403431747997],[3],[3],[0.3039234275142343],[0.04423403431747997],[0.12882239631368456]
"String3[""L1""]","String3[""L1""]","String3[""L2""]","String3[""L1""]","String3[""L1""]","String3[""L2""]","String7[""C1_3""]","String7[""D1_3""]","String7[""F1_2""]","String3[""L3""]","String3[""L1""]","String3[""L3""]","[""L0""]","[""L0""]","String3[""L_2""]","String3[""M_2""]","String7[""N1_2""]",[0.0],[2],[4.00054375e6],Bool[0],Bool[0],[0],[0.0457179828333664],[2.026915352112676e8],[0.0],[20],[1],[4.339e6],[0.005024000000000001],[0.407160768],[0.14164627098069466],[0.9349982220797493],[4.31923875e6],[0.2857142857142857],[5],[0],[0.9530203094237382],[0.92621500721626],[1.2255851763113925e-10],[2.1678280281690133e8],[0.26],[1],Bool[0],[0],[4.339e6],[0.4735252],[2.026915352112676e8],[5],[5.7614128985924443e-11],Bool[0],[0.16],[0.0],Bool[0],[0],[0.9423535376635368],[0.14285714285714285],[2.3012171639621994e-10],[0.9532356819163781],[1],[2.806560362085773e-10],[9.428318587702811e-11],Bool[0],[0.12667291861158148],[0.04324275606387733],[1.8545994065281899],Bool[0],[0.534],Bool[1],[4.31923875e6],[0.534],[0.08201312649864648],[4.11632225e6],[0.7140000000000001],[2.87495e6],[2.9179117242511036e-10],[0.0],[1.8545994065281899],Bool[0],[1.3904338153503897],[0.4],Bool[0],[1.8628912071535024],[0],[0.9263120869190743],[0.3],[1.3638997380449662e-10],Bool[0],Bool[1],[0],[2.87495e6],[3],[2.1678280281690133e8],[0.14096884438222046],[0.0],[0.0],Bool[0],[4.688599656596619e-10],[2.87495e6],[4.03945e6],[1],[1.7568445114237712e-10],Bool[1],Bool[0],[0.407160768],[0.4],[3],Bool[1],[0.9349982220797493],[0.7140000000000001],[2.87495e6],[20],[0.9711317500220438],[4.1630875e6],[0.04652928059771805],[0.14],[0.4735252],[2],[1.2857820125140394e-10],[0.15813315892626695],[3],[3],[0.1741822492448642],[0.15813315892626695],[0.04324275606387733]
"String3[""L1""]","String3[""L1""]","String3[""L2""]","String3[""L1""]","String3[""L1""]","String3[""L2""]","String7[""C1_3""]","String7[""D1_3""]","String7[""F1_2""]","String3[""L3""]","String3[""L1""]","String3[""L3""]","[""L0""]","[""L0""]","String3[""L_3""]","String3[""M_1""]","String7[""N1_2""]",[2.0],[2],[3.737551e6],Bool[0],Bool[0],[0],[0.12239028323263536],[1.6391718309859157e8],[0.0],[20],[1],[4.2931e6],[0.008465560057508842],[0.275590904],[0.06473385922618516],[0.7442183945767135],[4.303406e6],[0.04],[16],[0],[0.9116299972626334],[0.8685099662918163],[8.189864749998769e-11],[2.2025414084507033e8],[0.1],[0],Bool[0],[0],[4.2931e6],[0.4168108000000001],[1.6391718309859157e8],[16],[1.5370363849223946e-10],Bool[0],[0.04],[0.0],Bool[0],[0],[0.8575683881741338],[0.04],[1.396407741569015e-10],[0.9116389735268976],[0],[2.2762727475518572e-10],[2.9401851523376526e-10],Bool[0],[0.4771995360901392],[0.24997730965829681],[1.996805111821086],Bool[0],[0.176],Bool[1],[4.303406e6],[0.176],[0.3232012762073917],[3.923114e6],[0.5609999999999999],[3.2467037037037034e6],[1.5585467525090805e-10],[2.0],[1.996805111821086],Bool[0],[2.268602540834846],[0.4],Bool[0],[2.9274004683840746],[3],[0.8684844145238954],[0.04],[4.1141635374246664e-10],Bool[0],Bool[0],[0],[2.86665e6],[3],[2.2025414084507033e8],[0.3316652138045416],[0.0],[0.0],Bool[0],[2.2361476608542704e-10],[2.86665e6],[3.66108125e6],[1],[1.7793766132217573e-10],Bool[0],Bool[0],[0.27559090399999997],[0.4],[3],Bool[1],[0.7442183945767135],[0.5609999999999999],[2.86665e6],[20],[0.9345665002497328],[4.03273125e6],[0.42146271098998206],[0.04],[0.4168108000000001],[2],[2.2288627168418214e-10],[0.04118270685615508],[3],[3],[0.5541028923801067],[0.04118270685615508],[0.24997730965829681]
"String3[""L1""]","String3[""L1""]","String3[""L2""]","String3[""L1""]","String3[""L1""]","String3[""L2""]","String7[""C1_3""]","String7[""D1_3""]","String7[""F1_2""]","String3[""L3""]","String3[""L1""]","String3[""L3""]","[""L0""]","[""L0""]","String3[""L_3""]","String3[""M_2""]","String7[""N1_2""]",[-2.0],[2],[3.9093455e6],Bool[0],Bool[0],[0],[0.037143162448891966],[1.641910909090909e8],[0.0],[20],[1],[4.28994375e6],[0.0017599999999999838],[0.23853599999999997],[0.02336322719572136],[0.7485178797572339],[4.314182e6],[0.22],[18],[0],[0.9507444284918902],[0.906161469312143],[1.68176416697865e-10],[2.1935493506493503e8],[0.2],[0],Bool[0],[0],[4.28994375e6],[0.4694674],[1.641910909090909e8],[18],[1.181791560826616e-10],Bool[0],[0.12],[0.0],Bool[0],[0],[0.9427669021090291],[0.12],[1.4182068066950253e-10],[0.9509181184485784],[0],[2.4464068112979603e-10],[9.199071504961359e-11],Bool[0],[0.15920501031255704],[0.013353479246997745],[2.0],Bool[0],[0.07500000000000001],Bool[0],[4.314182e6],[0.07500000000000001],[0.10480876450692143],[4.1016845e6],[0.7030000000000001],[2.9013e6],[2.3940184570955963e-10],[-2.0],[2.0],Bool[0],[1.226692836113837],[0.4],Bool[0],[2.189141856392294],[0],[0.9064063914143742],[0.22],[1.243125274099196e-10],Bool[0],Bool[0],[0],[2.9013e6],[3],[2.1935493506493503e8],[0.17737639137878525],[0.0],[0.0],Bool[0],[3.453794709781302e-10],[2.9013e6],[4.03896875e6],[1],[2.333871113645003e-10],Bool[0],Bool[0],[0.23853599999999997],[0.4],[3],Bool[0],[0.7485178797572339],[0.7030000000000001],[2.9013e6],[20],[0.9701131847786578],[4.16053125e6],[0.21746784664173313],[0.1],[0.46946740000000003],[2],[1.9476968630845547e-10],[0.22916229054536877],[3],[3],[0.5503382191053062],[0.22916229054536877],[0.013353479246997745]
"String3[""L1""]","String3[""L1""]","String3[""L2""]","String3[""L1""]","String3[""L1""]","String3[""L2""]","String7[""C1_3""]","String7[""D1_3""]","String7[""F1_3""]","String3[""L3""]","String3[""L1""]","String3[""L3""]","[""L0""]","[""L0""]","String3[""L_1""]","String3[""M_1""]","String7[""N1_1""]",[0.0],[3],[4.173819508771919e6],Bool[0],Bool[0],[0],[-0.024124394385216085],[2.1164083703703701e8],[0.0],[20],[1],[4.29529473684209e6],[0.023570641945398776],[0.2544871],[0.21344034396430092],[0.9421978230348076],[4.291186105263152e6],[0.38],[8],[1],[0.9724685451543725],[0.9726493809375262],[2.1357615766914716e-10],[2.2462462962962967e8],[0.2],[0],Bool[0],[0],[4.29529473684209e6],[0.254954],[2.1164083703703701e8],[8],[1.880084783044613e-10],Bool[0],[0.3],[0.0],Bool[0],[0],[0.9761837705333656],[0.3],[1.9811325039870127e-10],[0.9725594383051885],[0],[2.7012051629331313e-10],[1.6816894847290436e-10],Bool[0],[0.23706747925725297],[0.19916167330086373],[1.515151515151515],Bool[0],[0.0],Bool[1],[4.291186105263152e6],[0.0],[0.2590994671332973],[4.173043508771916e6],[0.0],[3.351075949367089e6],[1.1503629630497987e-10],[0.0],[1.515151515151515],Bool[0],[1.0],[0.4],Bool[0],[1.0],[1],[0.9727400835320617],[0.38],[2.34382681383493e-10],Bool[0],Bool[1],[0],[3.3054189189189193e6],[1],[2.2462462962962967e8],[0.05787804674259295],[0.0],[0.0],Bool[0],[2.1431544897125275e-10],[3.351075949367089e6],[4.1855070175438435e6],[1],[4.0218453401123026e-10],Bool[1],Bool[0],[0.2544871],[0.4],[3],Bool[1],[0.9421978230348076],[0.0],[3.3054189189189193e6],[20],[0.9749036237219159],[4.1822824561403375e6],[0.22252437995513624],[0.22],[0.254954],[3],[3.1004782501025664e-10],[0.19916167330086373],[1],[3],[0.025980225403179232],[0.19916167330086373],[0.19916167330086373]
"String3[""L1""]","String3[""L1""]","String3[""L2""]","String3[""L1""]","String3[""L1""]","String3[""L2""]","String7[""C1_3""]","String7[""D1_3""]","String7[""F1_3""]","String3[""L3""]","String3[""L1""]","String3[""L3""]","[""L0""]","[""L0""]","String3[""L_1""]","String3[""M_2""]","String7[""N1_1""]",[0.0],[2],[4.1532893661971856e6],Bool[0],Bool[0],[0],[0.2607836831050544],[2.0901502952029523e8],[0.0],[20],[1],[4.2755316901408415e6],[0.0040444444444444755],[0.2615338799999999],[0.08848306336291784],[0.9378830567984049],[4.282494718309857e6],[0.46],[8],[1],[0.9681364480440985],[0.9698294193895319],[1.4219834807128747e-10],[2.2470607749077493e8],[0.16],[0],Bool[0],[0],[4.2755316901408415e6],[0.25174],[2.0901502952029523e8],[8],[4.911325891179678e-10],Bool[0],[0.32],[0.0],Bool[0],[0],[0.9711332740761274],[0.32],[3.486255474616663e-10],[0.9681685127955452],[0],[5.604840940032808e-10],[9.881603883446972e-11],Bool[0],[0.043922003419390315],[0.17836659377809513],[1.2195121951219512],Bool[0],[0.0],Bool[1],[4.282494718309857e6],[0.0],[-0.040687531777696434],[4.146039225352117e6],[0.0],[3.5973723404255323e6],[2.000802818342617e-10],[0.0],[1.2195121951219512],Bool[0],[1.0],[0.4],Bool[0],[1.0407993338884265],[4],[0.9698926666953276],[0.46],[1.68066773284083e-10],Bool[0],Bool[1],[0],[3.3493116883116886e6],[1],[2.2285830627306277e8],[0.046718418303776904],[0.0],[0.0],Bool[0],[2.5317190913667397e-10],[3.430604938271606e6],[4.1860440140845096e6],[1],[3.115331669482933e-10],Bool[1],Bool[0],[0.26153388],[0.4],[3],Bool[1],[0.9301707895678795],[0.0],[3.3493116883116886e6],[20],[0.9711332740761274],[4.1679207746478897e6],[-0.04033809655974357],[0.16],[0.25174],[2],[6.225621631787901e-10],[0.1959412202064691],[2],[3],[0.12448518697419388],[0.1959412202064691],[0.17836659377809513]
"String3[""L1""]","String3[""L1""]","String3[""L2""]","String3[""L1""]","String3[""L1""]","String3[""L2""]","String7[""C1_3""]","String7[""D1_3""]","String7[""F1_3""]","String3[""L3""]","String3[""L1""]","String3[""L3""]","[""L0""]","[""L0""]","String3[""L_2""]","String3[""M_1""]","String7[""N1_1""]",[0.0],[3],[4.0887121917808233e6],Bool[0],Bool[0],[0],[0.05690253831195953],[2.124157251908397e8],[0.0],[20],[1],[4.311273972602752e6],[0.003974985786138097],[0.22761954],[0.10853733684530974],[0.9528476287734685],[4.303129315068501e6],[0.2],[7],[11],[0.9584800408393443],[0.9501718150702928],[2.4330550334576124e-10],[2.2483232061068696e8],[0.1],[0],Bool[0],[0],[4.311273972602752e6],[0.239623],[2.124157251908397e8],[7],[1.6767384185316255e-10],Bool[0],[0.14],[0.0],Bool[0],[0],[0.9537562410506635],[0.14],[1.343706606681764e-10],[0.9586254531757399],[0],[2.3291895093105127e-10],[1.4158782147896381e-10],Bool[0],[0.1436537244033247],[0.14002939022933716],[2.4366471734892783],Bool[0],[0.0],Bool[1],[4.303129315068501e6],[0.0],[0.04157026361262513],[4.1244635616438366e6],[0.0],[3.337031914893617e6],[2.4286030206484756e-10],[0.0],[2.4366471734892783],Bool[0],[1.0407993338884265],[0.4],Bool[0],[1.127141568981064],[14],[0.9503576893638193],[0.2],[2.4891676284796775e-10],Bool[0],Bool[1],[0],[3.390486111111111e6],[2],[2.2292727480916023e8],[0.1488702536907336],[0.0],[0.0],Bool[0],[3.811795738829865e-10],[3.39045e6],[4.084404109589046e6],[1],[3.501170321046928e-10],Bool[1],Bool[0],[0.22761954],[0.4],[3],Bool[1],[0.9447739747287159],[0.0],[3.390486111111111e6],[20],[0.9614560399878251],[4.1394811643835544e6],[0.04873216072386598],[0.06],[0.239623],[3],[2.403749339529882e-10],[0.17155660910614895],[2],[3],[0.19243510627741497],[0.17155660910614895],[0.14002939022933716]
"String3[""L1""]","String3[""L1""]","String3[""L2""]","String3[""L1""]","String3[""L1""]","String3[""L2""]","String7[""C1_3""]","String7[""D1_3""]","String7[""F1_3""]","String3[""L3""]","String3[""L1""]","String3[""L3""]","[""L0""]","[""L0""]","String3[""L_2""]","String3[""M_2""]","String7[""N1_1""]",[0.0],[3],[4.103156167247381e6],Bool[0],Bool[0],[0],[0.1044529144118363],[2.1252162551440334e8],[0.0],[20],[1],[4.275256097560994e6],[0.011564757498538396],[0.23234185599999996],[0.05248964141516196],[0.9671231984990688],[4.281345574912905e6],[0.1],[6],[4],[0.9684975134571692],[0.9583800455843491],[2.665398184068816e-10],[2.2179123868312764e8],[0.22],[0],Bool[0],[0],[4.275256097560994e6],[0.25053440000000005],[2.1339981404958677e8],[6],[1.2251283580499918e-10],Bool[0],[0.04],[0.0],Bool[0],[0],[0.9686355151312955],[0.04],[4.829578572371432e-10],[0.9684951671942423],[0],[1.0934706070692678e-9],[9.497070766661561e-11],Bool[0],[-0.008171847936018724],[0.14344502746348511],[2.587991718426501],Bool[0],[0.0],Bool[1],[4.281345574912905e6],[0.0],[-0.09978998925047604],[4.1464725435540024e6],[0.0],[3.3853960396039602e6],[2.518630984630744e-10],[0.0],[2.587991718426501],Bool[0],[1.0407993338884265],[0.4],Bool[0],[1.1770244821092277],[7],[0.9583972442459862],[0.1],[1.600291398199745e-10],Bool[0],Bool[1],[0],[3.2402266666666665e6],[2],[2.2065421900826448e8],[-0.02203397720284763],[0.0],[0.0],Bool[0],[4.161487346960942e-10],[3.4661612903225804e6],[4.1610121951219374e6],[1],[3.9554670554647475e-10],Bool[1],Bool[0],[0.23234185599999999],[0.4],[3],Bool[1],[0.9582056837602689],[0.0],[3.2402266666666665e6],[20],[0.9706345538448959],[4.162836236933794e6],[0.24304252302102675],[0.2],[0.25053440000000005],[3],[3.630192874438539e-10],[0.1961945868366403],[3],[3],[0.20373668276478835],[0.1961945868366403],[0.14344502746348511]
"String3[""L1""]","String3[""L1""]","String3[""L2""]","String3[""L1""]","String3[""L1""]","String3[""L2""]","String7[""C1_3""]","String7[""D1_3""]","String7[""F1_3""]","String3[""L3""]","String3[""L1""]","String3[""L3""]","[""L0""]","[""L0""]","String3[""L_3""]","String3[""M_1""]","String7[""N1_1""]",[0.0],[3],[3.9951846689895354e6],Bool[0],Bool[0],[2],[0.4618392735411269],[2.2050127906976756e8],[0.0],[4],[2],[4.297771777003508e6],[0.00884183510364223],[0.184298348],[-0.025378303408341817],[0.9740503276067595],[4.293445156794441e6],[0.08],[3],[11],[0.9417133042188],[0.9305311988595211],[2.571001137281622e-10],[2.2342323255813968e8],[0.08],[0],Bool[0],[0],[4.297771777003508e6],[0.2332826],[2.1762547286821717e8],[3],[5.790099552223209e-11],Bool[1],[0.06],[0.0],Bool[0],[0],[0.93724015920365],[0.06],[1.6127097287153835e-10],[0.9417118143304531],[0],[4.340992381909963e-10],[2.0744042912473534e-10],Bool[0],[0.32453412685637834],[0.028587014394651302],[2.566735112936345],Bool[0],[0.0],Bool[0],[4.293445156794441e6],[0.0],[0.0974024739752853],[4.0431944250870966e6],[0.0],[3.6197672413793104e6],[7.887082636039019e-11],[0.0],[2.566735112936345],Bool[1],[1.2242899118511261],[0.32],Bool[0],[1.5133171912832926],[15],[0.930479021658357],[0.08],[3.385661469831839e-10],Bool[0],Bool[1],[0],[3.2175352112676054e6],[3],[2.2342323255813968e8],[0.5057647334112031],[1.0],[0.0],Bool[0],[1.1327365575864773e-10],[3.403206521739131e6],[4.0339686411149567e6],[2],[3.720726873211286e-10],Bool[0],Bool[0],[0.18429834799999997],[0.08],[3],Bool[0],[0.9869218905531153],[0.0],[3.2175352112676054e6],[16],[0.9514813202804326],[4.079350174216021e6],[0.016250205958637964],[0.06],[0.23328260000000003],[3],[1.0961070348109806e-10],[0.1053737035127835],[3],[3],[0.5560933171617871],[0.1053737035127835],[0.028587014394651302]
"String3[""L1""]","String3[""L1""]","String3[""L2""]","String3[""L1""]","String3[""L1""]","String3[""L2""]","String7[""C1_3""]","String7[""D1_3""]","String7[""F1_3""]","String3[""L3""]","String3[""L1""]","String3[""L3""]","[""L0""]","[""L0""]","String3[""L_3""]","String3[""M_2""]","String7[""N1_1""]",[0.0],[2],[4.0534493835616447e6],Bool[0],Bool[0],[0],[0.2159493005299184],[2.0532997244094494e8],[0.0],[20],[1],[4.3020650684931595e6],[0.002928000000000014],[0.22201831999999994],[0.07810168421175046],[0.9371884199869148],[4.296904315068502e6],[0.2],[10],[8],[0.9629248218090345],[0.9433417843043181],[9.858314427975899e-11],[2.2007194881889772e8],[0.06],[0],Bool[0],[0],[4.3020650684931595e6],[0.24362979999999998],[2.0532997244094494e8],[10],[1.8223100007896598e-10],Bool[0],[0.12],[0.0],Bool[0],[0],[0.9594175491989798],[0.12],[1.9745521169147183e-10],[0.9630082810642062],[0],[3.037912241867035e-10],[1.474132989754506e-10],Bool[0],[0.21212604970574428],[0.053596119113234295],[1.950078003120125],Bool[0],[0.0],Bool[1],[4.296904315068502e6],[0.0],[-0.0025288706650327952],[4.1375958219178086e6],[0.0],[3.2139186046511624e6],[1.0677424858628394e-10],[0.0],[1.950078003120125],Bool[0],[1.0841283607979184],[0.4],Bool[0],[1.3904338153503897],[12],[0.9435336350830831],[0.2],[1.66287770427338e-10],Bool[0],Bool[1],[0],[3.193591549295775e6],[3],[2.1909145275590557e8],[0.11305791143217485],[0.0],[0.0],Bool[0],[1.5275496748092916e-10],[3.2961e6],[4.1177756849315064e6],[1],[1.5989743154864107e-10],Bool[1],Bool[0],[0.22201832],[0.4],[3],Bool[1],[0.9330129239229653],[0.0],[3.193591549295775e6],[20],[0.9679356471016485],[4.1479948630136987e6],[0.3242388270309204],[0.04],[0.2436298],[2],[2.348461598416669e-10],[0.1556259103876986],[3],[3],[0.27672221447509415],[0.1556259103876986],[0.053596119113234295]
"String3[""L1""]","String3[""L1""]","String3[""L2""]","String3[""L1""]","String3[""L1""]","String3[""L2""]","String7[""C1_3""]","String7[""D1_3""]","String7[""F1_3""]","String3[""L3""]","String3[""L1""]","String3[""L3""]","[""L0""]","[""L0""]","String3[""L_1""]","String3[""M_1""]","String7[""N1_2""]",[0.0],[3],[4.1108309523809757e6],Bool[0],Bool[0],[0],[0.2785498134450208],[1.9981767158671588e8],[0.0],[20],[1],[4.296289115646303e6],[0.013406467928128152],[0.21569277200000003],[0.06660366192486893],[0.8891740582390357],[4.289428231292553e6],[0.22],[10],[7],[0.9642687420321999],[0.9583633833505684],[1.4913717389565478e-10],[2.2564607011070114e8],[0.14],[0],Bool[0],[0],[4.296289115646303e6],[0.2428038],[1.9981767158671588e8],[10],[2.50964298146669e-10],Bool[0],[0.1],[0.0],Bool[0],[0],[0.9657702117082925],[0.1],[3.077217749679539e-10],[0.9644465804799907],[0],[5.851366844856655e-10],[1.0927389752824365e-10],Bool[0],[0.3026348891924297],[0.030408177058153296],[2.025931928687196],Bool[0],[0.0],Bool[1],[4.289428231292553e6],[0.0],[0.16145141486733205],[4.1361615646258746e6],[0.0],[3.2265934065934066e6],[1.3463940119565184e-10],[0.0],[2.025931928687196],Bool[0],[1.515151515151515],[0.4],Bool[0],[1.9470404984423675],[13],[0.9584978964724721],[0.22],[1.5219573757384628e-10],Bool[0],Bool[1],[0],[3.1828055555555555e6],[3],[2.247227859778598e8],[0.27120789906325354],[0.0],[0.0],Bool[0],[1.9281579174609545e-10],[3.247036144578314e6],[4.136074829931997e6],[1],[2.1594297982677418e-10],Bool[1],Bool[0],[0.21569277199999998],[0.4],[3],Bool[1],[0.885535792795709],[0.0],[3.1828055555555555e6],[20],[0.9728220927529997],[4.1658095238095596e6],[-0.062476041240044175],[0.08],[0.24280380000000001],[3],[5.860094746795108e-10],[0.1343149181290001],[3],[3],[0.01579168236762632],[0.1343149181290001],[0.030408177058153296]
"String3[""L1""]","String3[""L1""]","String3[""L2""]","String3[""L1""]","String3[""L1""]","String3[""L2""]","String7[""C1_3""]","String7[""D1_3""]","String7[""F1_3""]","String3[""L3""]","String3[""L1""]","String3[""L3""]","[""L0""]","[""L0""]","String3[""L_1""]","String3[""M_2""]","String7[""N1_2""]",[0.0],[2],[4.179899069767439e6],Bool[0],Bool[0],[0],[0.18780274342715214],[2.0916329136690646e8],[0.0],[20],[1],[4.310933554817279e6],[0.014133333333333331],[0.240748648],[-0.019025636875416124],[0.9281686587537608],[4.31173681063123e6],[0.32653061224489793],[10],[0],[0.9757849235399951],[0.9694235184905708],[2.2065349022163554e-10],[2.2625376618705034e8],[0.24],[1],Bool[0],[0],[4.310933554817279e6],[0.2537784],[2.0991839350180507e8],[10],[1.769886413856295e-10],Bool[0],[0.16],[0.0],Bool[0],[0],[0.9758856014121816],[0.14285714285714285],[6.862154482580326e-11],[0.9758771763418082],[1],[1.2832406716203024e-10],[1.1443764832889857e-10],Bool[0],[0.3928842870949719],[0.2500692898218411],[1.3676148796498908],Bool[0],[0.0],Bool[1],[4.31173681063123e6],[0.0],[0.09760910221946667],[4.207327774086377e6],[0.0],[3.2003766233766237e6],[1.3798534702894506e-10],[0.0],[1.3676148796498908],Bool[0],[1.0407993338884265],[0.4],Bool[0],[1.1291779584462511],[5],[0.9695495309239232],[0.34],[2.2097678012148305e-10],Bool[0],Bool[1],[0],[3.192492957746479e6],[2],[2.261640613718412e8],[0.2922966019951819],[0.0],[0.0],Bool[0],[1.6883185502467187e-10],[3.192492957746479e6],[4.211556478405313e6],[1],[2.8189630368165935e-10],Bool[1],Bool[0],[0.24074864800000007],[0.4],[3],Bool[1],[0.9244632471398744],[0.0],[3.192492957746479e6],[20],[0.983482311506795],[4.227739202657806e6],[0.26281061915577103],[0.22],[0.2537784],[2],[3.659976335865522e-10],[0.2848285268578272],[3],[3],[0.18272342409226025],[0.2848285268578272],[0.2500692898218411]
"String3[""L1""]","String3[""L1""]","String3[""L2""]","String3[""L1""]","String3[""L1""]","String3[""L2""]","String7[""C1_3""]","String7[""D1_3""]","String7[""F1_3""]","String3[""L3""]","String3[""L1""]","String3[""L3""]","[""L0""]","[""L0""]","String3[""L_2""]","String3[""M_1""]","String7[""N1_2""]",[0.0],[3],[3.9280778571428563e6],Bool[0],Bool[0],[2],[0.03163278072805316],[2.202399318181818e8],[-1.0],[2],[2],[4.259208928571435e6],[0.008007628363004823],[0.18309567600000004],[0.04963792107710602],[0.9697069878900084],[4.256486285714285e6],[0.06],[2],[18],[0.934704325539603],[0.9228451810890027],[2.0430274804268548e-10],[2.2119177272727275e8],[0.04],[0],Bool[0],[0],[4.259208928571435e6],[0.2246926],[2.1265480303030306e8],[7],[6.865750756981338e-11],Bool[1],[0.04],[0.0],Bool[0],[0],[0.9331341834829434],[0.04],[1.1996533909456022e-10],[0.9347419057463978],[0],[1.8040210616614616e-10],[1.7608958254710143e-10],Bool[0],[0.06251190092326524],[0.16911829649094742],[2.983293556085919],Bool[0],[0.0],Bool[0],[4.256486285714285e6],[0.0],[0.007724900106282604],[3.9785561428571413e6],[0.0],[3.683509090909091e6],[1.0764253162383172e-10],[0.0],[2.983293556085919],Bool[1],[2.39463601532567],[0.28],Bool[0],[2.413127413127413],[20],[0.9230224074650638],[0.06],[2.158251428733342e-10],Bool[0],Bool[1],[0],[3.2745857142857146e6],[3],[2.19298e8],[0.027887395785634067],[-1.0],[0.0],Bool[0],[1.805452303016833e-10],[3.591e6],[3.997258928571426e6],[2],[2.4515933451091674e-10],Bool[0],Bool[0],[0.183095676],[0.04],[3],Bool[0],[0.9956967616952709],[0.0],[3.2745857142857146e6],[14],[0.945546215034477],[4.0157910714285737e6],[0.05148653985392827],[0.0],[0.2246926],[3],[9.947474442822911e-11],[0.10656696583838726],[3],[3],[0.28574820770741505],[0.10656696583838726],[0.16911829649094742]
"String3[""L1""]","String3[""L1""]","String3[""L2""]","String3[""L1""]","String3[""L1""]","String3[""L2""]","String7[""C1_3""]","String7[""D1_3""]","String7[""F1_3""]","String3[""L3""]","String3[""L1""]","String3[""L3""]","[""L0""]","[""L0""]","String3[""L_2""]","String3[""M_2""]","String7[""N1_2""]",[0.0],[2],[4.066642140468231e6],Bool[0],Bool[0],[0],[0.23495443882542424],[2.1073663703703704e8],[0.0],[20],[1],[4.31694314381272e6],[0.007584000000000035],[0.22252315999999997],[0.08424857519336953],[0.9499805625851033],[4.313348896321075e6],[0.22],[10],[2],[0.9679254412598514],[0.9428038951211982],[1.6637747723737686e-10],[2.2554347407407406e8],[0.18],[0],Bool[0],[0],[4.31694314381272e6],[0.24893720000000003],[2.1073663703703704e8],[10],[1.7524114972812335e-10],Bool[0],[0.12],[0.0],Bool[0],[0],[0.9512416660772458],[0.12],[9.48177316786213e-11],[0.9679985762793237],[0],[1.8321164543788103e-10],[1.797501480635206e-10],Bool[0],[0.42910211185412256],[0.09096281904162822],[1.8545994065281899],Bool[0],[0.0],Bool[1],[4.313348896321075e6],[0.0],[0.10181391800123343],[4.1750001337792696e6],[0.0],[3.6512608695652178e6],[1.6913170696598987e-10],[0.0],[1.8545994065281899],Bool[0],[1.1759172154280337],[0.4],Bool[0],[2.0226537216828477],[17],[0.9429712115047926],[0.22],[2.672965080381214e-10],Bool[0],Bool[1],[0],[3.337397260273972e6],[3],[2.218325777777778e8],[0.34291319109489743],[-1.0],[0.0],Bool[0],[2.4006696338425664e-10],[3.414626506024098e6],[4.107657190635461e6],[1],[2.035373515877252e-10],Bool[1],Bool[0],[0.22252315999999997],[0.4],[3],Bool[1],[0.9343504080629081],[0.0],[3.337397260273972e6],[20],[0.9763943568853116],[4.198535117056865e6],[0.22221312762058326],[0.1],[0.24893720000000003],[2],[2.891118197439126e-10],[0.2326705706530158],[3],[3],[0.1707020633970193],[0.2326705706530158],[0.09096281904162822]
"String3[""L1""]","String3[""L1""]","String3[""L2""]","String3[""L1""]","String3[""L1""]","String3[""L2""]","String7[""C1_3""]","String7[""D1_3""]","String7[""F1_3""]","String3[""L3""]","String3[""L1""]","String3[""L3""]","[""L0""]","[""L0""]","String3[""L_3""]","String3[""M_1""]","String7[""N1_2""]",[2.0],[2],[3.8917454929577503e6],Bool[0],Bool[0],[0],[0.20234859069569974],[1.669167544483986e8],[0.0],[20],[1],[4.285283450704226e6],[0.009286647504572781],[0.15466224799999997],[-0.01836813964641198],[0.7577421151204451],[4.276381690140841e6],[0.08],[18],[13],[0.9411649838236963],[0.9100556907560741],[3.198417419528181e-10],[2.2205187188612098e8],[0.12],[0],Bool[0],[0],[4.285283450704226e6],[0.2311026],[1.669167544483986e8],[18],[1.514510305401315e-10],Bool[0],[0.02],[0.0],Bool[0],[0],[0.9233351457955541],[0.02],[1.3321613076686556e-10],[0.9413207884358988],[0],[2.007770503444182e-10],[5.969973268497671e-10],Bool[0],[0.167447762457467],[0.19556680078172775],[1.996805111821086],Bool[0],[0.0],Bool[1],[4.276381690140841e6],[0.0],[0.05585482690182465],[4.0247807042253553e6],[0.0],[3.2886168224299066e6],[1.6763198520122386e-10],[2.0],[1.996805111821086],Bool[0],[1.9440124416796265],[0.4],Bool[0],[2.886836027713626],[20],[0.9101407963282915],[0.08],[9.637483486427883e-10],Bool[0],Bool[0],[0],[3.2654864864864866e6],[3],[2.20281743772242e8],[0.022633799595050692],[1.0],[0.0],Bool[0],[3.5826749308091125e-10],[3.460849056603774e6],[3.95895422535213e6],[1],[3.8258123810002727e-10],Bool[0],Bool[0],[0.154662248],[0.4],[3],Bool[1],[0.7517016318331315],[0.0],[3.2654864864864866e6],[20],[0.9568359940828299],[4.0593820422535287e6],[0.1635989245131878],[0.06],[0.23110259999999996],[2],[2.369636761705032e-10],[0.03388884134932917],[3],[3],[0.5580320900880164],[0.03388884134932917],[0.19556680078172775]
"String3[""L1""]","String3[""L1""]","String3[""L2""]","String3[""L1""]","String3[""L1""]","String3[""L2""]","String7[""C1_3""]","String7[""D1_3""]","String7[""F1_3""]","String3[""L3""]","String3[""L1""]","String3[""L3""]","[""L0""]","[""L0""]","String3[""L_3""]","String3[""M_2""]","String7[""N1_2""]",[2.0],[2],[3.985055298245604e6],Bool[0],Bool[0],[0],[0.0876525137167594],[1.7190753558052436e8],[0.0],[20],[1],[4.272864912280701e6],[0.00011200000000000099],[0.1678712],[0.16306534862859273],[0.7662900514427072],[4.271801964912273e6],[0.32],[17],[4],[0.9663630835899499],[0.9328745412306215],[3.86006415043947e-10],[2.2433742322097373e8],[0.14],[0],Bool[0],[0],[4.272864912280701e6],[0.2477724],[1.7190753558052436e8],[17],[1.9094456712498401e-10],Bool[0],[0.14],[0.0],Bool[0],[0],[0.9517745606522598],[0.14],[2.062715081486965e-10],[0.9665343472841963],[0],[2.5526649153342775e-10],[7.93399976495e-11],Bool[0],[0.21715057505256713],[0.10089144669395916],[2.0],Bool[0],[0.0],Bool[0],[4.271801964912273e6],[0.0],[0.2266429527725941],[4.1281117192982314e6],[0.0],[3.4351681415929203e6],[1.553469176645259e-10],[2.0],[2.0],Bool[0],[1.0407993338884265],[0.4],Bool[0],[1.6469038208168645],[19],[0.9332266621183415],[0.32],[1.1352341053072422e-10],Bool[0],Bool[0],[0],[3.215859154929578e6],[2],[2.2433742322097373e8],[0.0910027629988332],[-1.0],[0.0],Bool[0],[2.7570114303958983e-10],[3.354225e6],[4.073135087719282e6],[1],[4.587245158685849e-10],Bool[0],Bool[0],[0.1678712],[0.4],[3],Bool[0],[0.7662900514427072],[0.0],[3.215859154929578e6],[20],[0.9669355007592444],[4.127768421052614e6],[0.2150903376531707],[0.06],[0.2477724],[2],[4.4848536385283517e-10],[0.28947919444409126],[3],[3],[0.5594215977382353],[0.28947919444409126],[0.10089144669395916]
