,A,B,G,H,I,E,X,Y,Z,C,D,F,J,K,N,L,M
46386,L3,L3,L1,L2,L1,L3,L1,L1,L1,C3_1,D3_1,F3_1,,,,,
46387,L3,L3,L1,L2,L1,L3,L1,L1,L1,C3_1,D3_1,F3_2,,,,,
46388,L3,L3,L1,L2,L1,L3,L1,L1,L1,C3_1,D3_1,F3_3,,,,,
46389,L3,L3,L1,L2,L1,L3,L1,L1,L1,C3_1,D3_2,F3_1,,,,,
46390,L3,L3,L1,L2,L1,L3,L1,L1,L1,C3_1,D3_2,F3_2,,,,,
46391,L3,L3,L1,L2,L1,L3,L1,L1,L1,C3_1,D3_2,F3_3,,,,,
46392,L3,L3,L1,L2,L1,L3,L1,L1,L1,C3_1,D3_3,F3_1,,,,,
46393,L3,L3,L1,L2,L1,L3,L1,L1,L1,C3_1,D3_3,F3_2,,,,,
46394,L3,L3,L1,L2,L1,L3,L1,L1,L1,C3_1,D3_3,F3_3,,,,,
46395,L3,L3,L1,L2,L1,L3,L1,L1,L1,C3_2,D3_1,F3_1,,,,,
46396,L3,L3,L1,L2,L1,L3,L1,L1,L1,C3_2,D3_1,F3_2,,,,,
46397,L3,L3,L1,L2,L1,L3,L1,L1,L1,C3_2,D3_1,F3_3,,,,,
46398,L3,L3,L1,L2,L1,L3,L1,L1,L1,C3_2,D3_2,F3_1,,,,,
46399,L3,L3,L1,L2,L1,L3,L1,L1,L1,C3_2,D3_2,F3_2,,,,,
46400,L3,L3,L1,L2,L1,L3,L1,L1,L1,C3_2,D3_2,F3_3,,,,,
46401,L3,L3,L1,L2,L1,L3,L1,L1,L1,C3_2,D3_3,F3_1,,,,,
46402,L3,L3,L1,L2,L1,L3,L1,L1,L1,C3_2,D3_3,F3_2,,,,,
46403,L3,L3,L1,L2,L1,L3,L1,L1,L1,C3_2,D3_3,F3_3,,,,,
46404,L3,L3,L1,L2,L1,L3,L1,L1,L1,C3_3,D3_1,F3_1,,,,,
46405,L3,L3,L1,L2,L1,L3,L1,L1,L1,C3_3,D3_1,F3_2,,,,,
46406,L3,L3,L1,L2,L1,L3,L1,L1,L1,C3_3,D3_1,F3_3,,,,,
46407,L3,L3,L1,L2,L1,L3,L1,L1,L1,C3_3,D3_2,F3_1,,,,,
46408,L3,L3,L1,L2,L1,L3,L1,L1,L1,C3_3,D3_2,F3_2,,,,,
46409,L3,L3,L1,L2,L1,L3,L1,L1,L1,C3_3,D3_2,F3_3,,,,,
46410,L3,L3,L1,L2,L1,L3,L1,L1,L1,C3_3,D3_3,F3_1,,,,,
46411,L3,L3,L1,L2,L1,L3,L1,L1,L1,C3_3,D3_3,F3_2,,,,,
46412,L3,L3,L1,L2,L1,L3,L1,L1,L1,C3_3,D3_3,F3_3,,,,,
67095,L3,L3,L2,L3,L1,L3,L1,L1,L1,C3_1,D3_1,F3_1,,,,,
67096,L3,L3,L2,L3,L1,L3,L1,L1,L1,C3_1,D3_1,F3_2,,,,,
67097,L3,L3,L2,L3,L1,L3,L1,L1,L1,C3_1,D3_1,F3_3,,,,,
67098,L3,L3,L2,L3,L1,L3,L1,L1,L1,C3_1,D3_2,F3_1,,,,,
67099,L3,L3,L2,L3,L1,L3,L1,L1,L1,C3_1,D3_2,F3_2,,,,,
67100,L3,L3,L2,L3,L1,L3,L1,L1,L1,C3_1,D3_2,F3_3,,,,,
67101,L3,L3,L2,L3,L1,L3,L1,L1,L1,C3_1,D3_3,F3_1,,,,,
67102,L3,L3,L2,L3,L1,L3,L1,L1,L1,C3_1,D3_3,F3_2,,,,,
67103,L3,L3,L2,L3,L1,L3,L1,L1,L1,C3_1,D3_3,F3_3,,,,,
67104,L3,L3,L2,L3,L1,L3,L1,L1,L1,C3_2,D3_1,F3_1,,,,,
67105,L3,L3,L2,L3,L1,L3,L1,L1,L1,C3_2,D3_1,F3_2,,,,,
67106,L3,L3,L2,L3,L1,L3,L1,L1,L1,C3_2,D3_1,F3_3,,,,,
67107,L3,L3,L2,L3,L1,L3,L1,L1,L1,C3_2,D3_2,F3_1,,,,,
67108,L3,L3,L2,L3,L1,L3,L1,L1,L1,C3_2,D3_2,F3_2,,,,,
67109,L3,L3,L2,L3,L1,L3,L1,L1,L1,C3_2,D3_2,F3_3,,,,,
67110,L3,L3,L2,L3,L1,L3,L1,L1,L1,C3_2,D3_3,F3_1,,,,,
67111,L3,L3,L2,L3,L1,L3,L1,L1,L1,C3_2,D3_3,F3_2,,,,,
67112,L3,L3,L2,L3,L1,L3,L1,L1,L1,C3_2,D3_3,F3_3,,,,,
67113,L3,L3,L2,L3,L1,L3,L1,L1,L1,C3_3,D3_1,F3_1,,,,,
67114,L3,L3,L2,L3,L1,L3,L1,L1,L1,C3_3,D3_1,F3_2,,,,,
67115,L3,L3,L2,L3,L1,L3,L1,L1,L1,C3_3,D3_1,F3_3,,,,,
67116,L3,L3,L2,L3,L1,L3,L1,L1,L1,C3_3,D3_2,F3_1,,,,,
67117,L3,L3,L2,L3,L1,L3,L1,L1,L1,C3_3,D3_2,F3_2,,,,,
67118,L3,L3,L2,L3,L1,L3,L1,L1,L1,C3_3,D3_2,F3_3,,,,,
67119,L3,L3,L2,L3,L1,L3,L1,L1,L1,C3_3,D3_3,F3_1,,,,,
67120,L3,L3,L2,L3,L1,L3,L1,L1,L1,C3_3,D3_3,F3_2,,,,,
67121,L3,L3,L2,L3,L1,L3,L1,L1,L1,C3_3,D3_3,F3_3,,,,,
131328,L3,L2,L2,L1,L3,L3,L1,L1,L1,C3_1,D3_1,F3_1,,,,,
131329,L3,L2,L2,L1,L3,L3,L1,L1,L1,C3_1,D3_1,F3_2,,,,,
131330,L3,L2,L2,L1,L3,L3,L1,L1,L1,C3_1,D3_1,F3_3,,,,,
131331,L3,L2,L2,L1,L3,L3,L1,L1,L1,C3_1,D3_2,F3_1,,,,,
131332,L3,L2,L2,L1,L3,L3,L1,L1,L1,C3_1,D3_2,F3_2,,,,,
131333,L3,L2,L2,L1,L3,L3,L1,L1,L1,C3_1,D3_2,F3_3,,,,,
131334,L3,L2,L2,L1,L3,L3,L1,L1,L1,C3_1,D3_3,F3_1,,,,,
131335,L3,L2,L2,L1,L3,L3,L1,L1,L1,C3_1,D3_3,F3_2,,,,,
131336,L3,L2,L2,L1,L3,L3,L1,L1,L1,C3_1,D3_3,F3_3,,,,,
131337,L3,L2,L2,L1,L3,L3,L1,L1,L1,C3_2,D3_1,F3_1,,,,,
131338,L3,L2,L2,L1,L3,L3,L1,L1,L1,C3_2,D3_1,F3_2,,,,,
131339,L3,L2,L2,L1,L3,L3,L1,L1,L1,C3_2,D3_1,F3_3,,,,,
131340,L3,L2,L2,L1,L3,L3,L1,L1,L1,C3_2,D3_2,F3_1,,,,,
131341,L3,L2,L2,L1,L3,L3,L1,L1,L1,C3_2,D3_2,F3_2,,,,,
131342,L3,L2,L2,L1,L3,L3,L1,L1,L1,C3_2,D3_2,F3_3,,,,,
131343,L3,L2,L2,L1,L3,L3,L1,L1,L1,C3_2,D3_3,F3_1,,,,,
131344,L3,L2,L2,L1,L3,L3,L1,L1,L1,C3_2,D3_3,F3_2,,,,,
131345,L3,L2,L2,L1,L3,L3,L1,L1,L1,C3_2,D3_3,F3_3,,,,,
131346,L3,L2,L2,L1,L3,L3,L1,L1,L1,C3_3,D3_1,F3_1,,,,,
131347,L3,L2,L2,L1,L3,L3,L1,L1,L1,C3_3,D3_1,F3_2,,,,,
131348,L3,L2,L2,L1,L3,L3,L1,L1,L1,C3_3,D3_1,F3_3,,,,,
131349,L3,L2,L2,L1,L3,L3,L1,L1,L1,C3_3,D3_2,F3_1,,,,,
131350,L3,L2,L2,L1,L3,L3,L1,L1,L1,C3_3,D3_2,F3_2,,,,,
131351,L3,L2,L2,L1,L3,L3,L1,L1,L1,C3_3,D3_2,F3_3,,,,,
131352,L3,L2,L2,L1,L3,L3,L1,L1,L1,C3_3,D3_3,F3_1,,,,,
131353,L3,L2,L2,L1,L3,L3,L1,L1,L1,C3_3,D3_3,F3_2,,,,,
131354,L3,L2,L2,L1,L3,L3,L1,L1,L1,C3_3,D3_3,F3_3,,,,,
135270,L3,L2,L1,L3,L3,L3,L1,L1,L1,C3_1,D3_1,F3_1,,,,,
135271,L3,L2,L1,L3,L3,L3,L1,L1,L1,C3_1,D3_1,F3_2,,,,,
135272,L3,L2,L1,L3,L3,L3,L1,L1,L1,C3_1,D3_1,F3_3,,,,,
135273,L3,L2,L1,L3,L3,L3,L1,L1,L1,C3_1,D3_2,F3_1,,,,,
135274,L3,L2,L1,L3,L3,L3,L1,L1,L1,C3_1,D3_2,F3_2,,,,,
135275,L3,L2,L1,L3,L3,L3,L1,L1,L1,C3_1,D3_2,F3_3,,,,,
135276,L3,L2,L1,L3,L3,L3,L1,L1,L1,C3_1,D3_3,F3_1,,,,,
135277,L3,L2,L1,L3,L3,L3,L1,L1,L1,C3_1,D3_3,F3_2,,,,,
135278,L3,L2,L1,L3,L3,L3,L1,L1,L1,C3_1,D3_3,F3_3,,,,,
135279,L3,L2,L1,L3,L3,L3,L1,L1,L1,C3_2,D3_1,F3_1,,,,,
135280,L3,L2,L1,L3,L3,L3,L1,L1,L1,C3_2,D3_1,F3_2,,,,,
135281,L3,L2,L1,L3,L3,L3,L1,L1,L1,C3_2,D3_1,F3_3,,,,,
135282,L3,L2,L1,L3,L3,L3,L1,L1,L1,C3_2,D3_2,F3_1,,,,,
135283,L3,L2,L1,L3,L3,L3,L1,L1,L1,C3_2,D3_2,F3_2,,,,,
135284,L3,L2,L1,L3,L3,L3,L1,L1,L1,C3_2,D3_2,F3_3,,,,,
135285,L3,L2,L1,L3,L3,L3,L1,L1,L1,C3_2,D3_3,F3_1,,,,,
135286,L3,L2,L1,L3,L3,L3,L1,L1,L1,C3_2,D3_3,F3_2,,,,,
135287,L3,L2,L1,L3,L3,L3,L1,L1,L1,C3_2,D3_3,F3_3,,,,,
135288,L3,L2,L1,L3,L3,L3,L1,L1,L1,C3_3,D3_1,F3_1,,,,,
135289,L3,L2,L1,L3,L3,L3,L1,L1,L1,C3_3,D3_1,F3_2,,,,,
135290,L3,L2,L1,L3,L3,L3,L1,L1,L1,C3_3,D3_1,F3_3,,,,,
135291,L3,L2,L1,L3,L3,L3,L1,L1,L1,C3_3,D3_2,F3_1,,,,,
135292,L3,L2,L1,L3,L3,L3,L1,L1,L1,C3_3,D3_2,F3_2,,,,,
135293,L3,L2,L1,L3,L3,L3,L1,L1,L1,C3_3,D3_2,F3_3,,,,,
135294,L3,L2,L1,L3,L3,L3,L1,L1,L1,C3_3,D3_3,F3_1,,,,,
135295,L3,L2,L1,L3,L3,L3,L1,L1,L1,C3_3,D3_3,F3_2,,,,,
135296,L3,L2,L1,L3,L3,L3,L1,L1,L1,C3_3,D3_3,F3_3,,,,,
158976,L1,L3,L3,L1,L1,L3,L1,L1,L1,C3_1,D3_1,F3_1,,,,,
158977,L1,L3,L3,L1,L1,L3,L1,L1,L1,C3_1,D3_1,F3_2,,,,,
158978,L1,L3,L3,L1,L1,L3,L1,L1,L1,C3_1,D3_1,F3_3,,,,,
158979,L1,L3,L3,L1,L1,L3,L1,L1,L1,C3_1,D3_2,F3_1,,,,,
158980,L1,L3,L3,L1,L1,L3,L1,L1,L1,C3_1,D3_2,F3_2,,,,,
158981,L1,L3,L3,L1,L1,L3,L1,L1,L1,C3_1,D3_2,F3_3,,,,,
158982,L1,L3,L3,L1,L1,L3,L1,L1,L1,C3_1,D3_3,F3_1,,,,,
158983,L1,L3,L3,L1,L1,L3,L1,L1,L1,C3_1,D3_3,F3_2,,,,,
158984,L1,L3,L3,L1,L1,L3,L1,L1,L1,C3_1,D3_3,F3_3,,,,,
158985,L1,L3,L3,L1,L1,L3,L1,L1,L1,C3_2,D3_1,F3_1,,,,,
158986,L1,L3,L3,L1,L1,L3,L1,L1,L1,C3_2,D3_1,F3_2,,,,,
158987,L1,L3,L3,L1,L1,L3,L1,L1,L1,C3_2,D3_1,F3_3,,,,,
158988,L1,L3,L3,L1,L1,L3,L1,L1,L1,C3_2,D3_2,F3_1,,,,,
158989,L1,L3,L3,L1,L1,L3,L1,L1,L1,C3_2,D3_2,F3_2,,,,,
158990,L1,L3,L3,L1,L1,L3,L1,L1,L1,C3_2,D3_2,F3_3,,,,,
158991,L1,L3,L3,L1,L1,L3,L1,L1,L1,C3_2,D3_3,F3_1,,,,,
158992,L1,L3,L3,L1,L1,L3,L1,L1,L1,C3_2,D3_3,F3_2,,,,,
158993,L1,L3,L3,L1,L1,L3,L1,L1,L1,C3_2,D3_3,F3_3,,,,,
158994,L1,L3,L3,L1,L1,L3,L1,L1,L1,C3_3,D3_1,F3_1,,,,,
158995,L1,L3,L3,L1,L1,L3,L1,L1,L1,C3_3,D3_1,F3_2,,,,,
158996,L1,L3,L3,L1,L1,L3,L1,L1,L1,C3_3,D3_1,F3_3,,,,,
158997,L1,L3,L3,L1,L1,L3,L1,L1,L1,C3_3,D3_2,F3_1,,,,,
158998,L1,L3,L3,L1,L1,L3,L1,L1,L1,C3_3,D3_2,F3_2,,,,,
158999,L1,L3,L3,L1,L1,L3,L1,L1,L1,C3_3,D3_2,F3_3,,,,,
159000,L1,L3,L3,L1,L1,L3,L1,L1,L1,C3_3,D3_3,F3_1,,,,,
159001,L1,L3,L3,L1,L1,L3,L1,L1,L1,C3_3,D3_3,F3_2,,,,,
159002,L1,L3,L3,L1,L1,L3,L1,L1,L1,C3_3,D3_3,F3_3,,,,,
186300,L2,L3,L2,L1,L2,L3,L1,L1,L1,C3_1,D3_1,F3_1,,,,,
186301,L2,L3,L2,L1,L2,L3,L1,L1,L1,C3_1,D3_1,F3_2,,,,,
186302,L2,L3,L2,L1,L2,L3,L1,L1,L1,C3_1,D3_1,F3_3,,,,,
186303,L2,L3,L2,L1,L2,L3,L1,L1,L1,C3_1,D3_2,F3_1,,,,,
186304,L2,L3,L2,L1,L2,L3,L1,L1,L1,C3_1,D3_2,F3_2,,,,,
186305,L2,L3,L2,L1,L2,L3,L1,L1,L1,C3_1,D3_2,F3_3,,,,,
186306,L2,L3,L2,L1,L2,L3,L1,L1,L1,C3_1,D3_3,F3_1,,,,,
186307,L2,L3,L2,L1,L2,L3,L1,L1,L1,C3_1,D3_3,F3_2,,,,,
186308,L2,L3,L2,L1,L2,L3,L1,L1,L1,C3_1,D3_3,F3_3,,,,,
186309,L2,L3,L2,L1,L2,L3,L1,L1,L1,C3_2,D3_1,F3_1,,,,,
186310,L2,L3,L2,L1,L2,L3,L1,L1,L1,C3_2,D3_1,F3_2,,,,,
186311,L2,L3,L2,L1,L2,L3,L1,L1,L1,C3_2,D3_1,F3_3,,,,,
186312,L2,L3,L2,L1,L2,L3,L1,L1,L1,C3_2,D3_2,F3_1,,,,,
186313,L2,L3,L2,L1,L2,L3,L1,L1,L1,C3_2,D3_2,F3_2,,,,,
186314,L2,L3,L2,L1,L2,L3,L1,L1,L1,C3_2,D3_2,F3_3,,,,,
186315,L2,L3,L2,L1,L2,L3,L1,L1,L1,C3_2,D3_3,F3_1,,,,,
186316,L2,L3,L2,L1,L2,L3,L1,L1,L1,C3_2,D3_3,F3_2,,,,,
186317,L2,L3,L2,L1,L2,L3,L1,L1,L1,C3_2,D3_3,F3_3,,,,,
186318,L2,L3,L2,L1,L2,L3,L1,L1,L1,C3_3,D3_1,F3_1,,,,,
186319,L2,L3,L2,L1,L2,L3,L1,L1,L1,C3_3,D3_1,F3_2,,,,,
186320,L2,L3,L2,L1,L2,L3,L1,L1,L1,C3_3,D3_1,F3_3,,,,,
186321,L2,L3,L2,L1,L2,L3,L1,L1,L1,C3_3,D3_2,F3_1,,,,,
186322,L2,L3,L2,L1,L2,L3,L1,L1,L1,C3_3,D3_2,F3_2,,,,,
186323,L2,L3,L2,L1,L2,L3,L1,L1,L1,C3_3,D3_2,F3_3,,,,,
186324,L2,L3,L2,L1,L2,L3,L1,L1,L1,C3_3,D3_3,F3_1,,,,,
186325,L2,L3,L2,L1,L2,L3,L1,L1,L1,C3_3,D3_3,F3_2,,,,,
186326,L2,L3,L2,L1,L2,L3,L1,L1,L1,C3_3,D3_3,F3_3,,,,,
206631,L2,L2,L1,L2,L2,L3,L1,L1,L1,C3_1,D3_1,F3_1,,,,,
206632,L2,L2,L1,L2,L2,L3,L1,L1,L1,C3_1,D3_1,F3_2,,,,,
206633,L2,L2,L1,L2,L2,L3,L1,L1,L1,C3_1,D3_1,F3_3,,,,,
206634,L2,L2,L1,L2,L2,L3,L1,L1,L1,C3_1,D3_2,F3_1,,,,,
206635,L2,L2,L1,L2,L2,L3,L1,L1,L1,C3_1,D3_2,F3_2,,,,,
206636,L2,L2,L1,L2,L2,L3,L1,L1,L1,C3_1,D3_2,F3_3,,,,,
206637,L2,L2,L1,L2,L2,L3,L1,L1,L1,C3_1,D3_3,F3_1,,,,,
206638,L2,L2,L1,L2,L2,L3,L1,L1,L1,C3_1,D3_3,F3_2,,,,,
206639,L2,L2,L1,L2,L2,L3,L1,L1,L1,C3_1,D3_3,F3_3,,,,,
206640,L2,L2,L1,L2,L2,L3,L1,L1,L1,C3_2,D3_1,F3_1,,,,,
206641,L2,L2,L1,L2,L2,L3,L1,L1,L1,C3_2,D3_1,F3_2,,,,,
206642,L2,L2,L1,L2,L2,L3,L1,L1,L1,C3_2,D3_1,F3_3,,,,,
206643,L2,L2,L1,L2,L2,L3,L1,L1,L1,C3_2,D3_2,F3_1,,,,,
206644,L2,L2,L1,L2,L2,L3,L1,L1,L1,C3_2,D3_2,F3_2,,,,,
206645,L2,L2,L1,L2,L2,L3,L1,L1,L1,C3_2,D3_2,F3_3,,,,,
206646,L2,L2,L1,L2,L2,L3,L1,L1,L1,C3_2,D3_3,F3_1,,,,,
206647,L2,L2,L1,L2,L2,L3,L1,L1,L1,C3_2,D3_3,F3_2,,,,,
206648,L2,L2,L1,L2,L2,L3,L1,L1,L1,C3_2,D3_3,F3_3,,,,,
206649,L2,L2,L1,L2,L2,L3,L1,L1,L1,C3_3,D3_1,F3_1,,,,,
206650,L2,L2,L1,L2,L2,L3,L1,L1,L1,C3_3,D3_1,F3_2,,,,,
206651,L2,L2,L1,L2,L2,L3,L1,L1,L1,C3_3,D3_1,F3_3,,,,,
206652,L2,L2,L1,L2,L2,L3,L1,L1,L1,C3_3,D3_2,F3_1,,,,,
206653,L2,L2,L1,L2,L2,L3,L1,L1,L1,C3_3,D3_2,F3_2,,,,,
206654,L2,L2,L1,L2,L2,L3,L1,L1,L1,C3_3,D3_2,F3_3,,,,,
206655,L2,L2,L1,L2,L2,L3,L1,L1,L1,C3_3,D3_3,F3_1,,,,,
206656,L2,L2,L1,L2,L2,L3,L1,L1,L1,C3_3,D3_3,F3_2,,,,,
206657,L2,L2,L1,L2,L2,L3,L1,L1,L1,C3_3,D3_3,F3_3,,,,,
212004,L2,L3,L2,L3,L3,L3,L1,L1,L1,C3_1,D3_1,F3_1,,,,,
212005,L2,L3,L2,L3,L3,L3,L1,L1,L1,C3_1,D3_1,F3_2,,,,,
212006,L2,L3,L2,L3,L3,L3,L1,L1,L1,C3_1,D3_1,F3_3,,,,,
212007,L2,L3,L2,L3,L3,L3,L1,L1,L1,C3_1,D3_2,F3_1,,,,,
212008,L2,L3,L2,L3,L3,L3,L1,L1,L1,C3_1,D3_2,F3_2,,,,,
212009,L2,L3,L2,L3,L3,L3,L1,L1,L1,C3_1,D3_2,F3_3,,,,,
212010,L2,L3,L2,L3,L3,L3,L1,L1,L1,C3_1,D3_3,F3_1,,,,,
212011,L2,L3,L2,L3,L3,L3,L1,L1,L1,C3_1,D3_3,F3_2,,,,,
212012,L2,L3,L2,L3,L3,L3,L1,L1,L1,C3_1,D3_3,F3_3,,,,,
212013,L2,L3,L2,L3,L3,L3,L1,L1,L1,C3_2,D3_1,F3_1,,,,,
212014,L2,L3,L2,L3,L3,L3,L1,L1,L1,C3_2,D3_1,F3_2,,,,,
212015,L2,L3,L2,L3,L3,L3,L1,L1,L1,C3_2,D3_1,F3_3,,,,,
212016,L2,L3,L2,L3,L3,L3,L1,L1,L1,C3_2,D3_2,F3_1,,,,,
212017,L2,L3,L2,L3,L3,L3,L1,L1,L1,C3_2,D3_2,F3_2,,,,,
212018,L2,L3,L2,L3,L3,L3,L1,L1,L1,C3_2,D3_2,F3_3,,,,,
212019,L2,L3,L2,L3,L3,L3,L1,L1,L1,C3_2,D3_3,F3_1,,,,,
212020,L2,L3,L2,L3,L3,L3,L1,L1,L1,C3_2,D3_3,F3_2,,,,,
212021,L2,L3,L2,L3,L3,L3,L1,L1,L1,C3_2,D3_3,F3_3,,,,,
212022,L2,L3,L2,L3,L3,L3,L1,L1,L1,C3_3,D3_1,F3_1,,,,,
212023,L2,L3,L2,L3,L3,L3,L1,L1,L1,C3_3,D3_1,F3_2,,,,,
212024,L2,L3,L2,L3,L3,L3,L1,L1,L1,C3_3,D3_1,F3_3,,,,,
212025,L2,L3,L2,L3,L3,L3,L1,L1,L1,C3_3,D3_2,F3_1,,,,,
212026,L2,L3,L2,L3,L3,L3,L1,L1,L1,C3_3,D3_2,F3_2,,,,,
212027,L2,L3,L2,L3,L3,L3,L1,L1,L1,C3_3,D3_2,F3_3,,,,,
212028,L2,L3,L2,L3,L3,L3,L1,L1,L1,C3_3,D3_3,F3_1,,,,,
212029,L2,L3,L2,L3,L3,L3,L1,L1,L1,C3_3,D3_3,F3_2,,,,,
212030,L2,L3,L2,L3,L3,L3,L1,L1,L1,C3_3,D3_3,F3_3,,,,,
245727,L2,L1,L3,L1,L3,L3,L1,L1,L1,C3_1,D3_1,F3_1,,,,,
245728,L2,L1,L3,L1,L3,L3,L1,L1,L1,C3_1,D3_1,F3_2,,,,,
245729,L2,L1,L3,L1,L3,L3,L1,L1,L1,C3_1,D3_1,F3_3,,,,,
245730,L2,L1,L3,L1,L3,L3,L1,L1,L1,C3_1,D3_2,F3_1,,,,,
245731,L2,L1,L3,L1,L3,L3,L1,L1,L1,C3_1,D3_2,F3_2,,,,,
245732,L2,L1,L3,L1,L3,L3,L1,L1,L1,C3_1,D3_2,F3_3,,,,,
245733,L2,L1,L3,L1,L3,L3,L1,L1,L1,C3_1,D3_3,F3_1,,,,,
245734,L2,L1,L3,L1,L3,L3,L1,L1,L1,C3_1,D3_3,F3_2,,,,,
245735,L2,L1,L3,L1,L3,L3,L1,L1,L1,C3_1,D3_3,F3_3,,,,,
245736,L2,L1,L3,L1,L3,L3,L1,L1,L1,C3_2,D3_1,F3_1,,,,,
245737,L2,L1,L3,L1,L3,L3,L1,L1,L1,C3_2,D3_1,F3_2,,,,,
245738,L2,L1,L3,L1,L3,L3,L1,L1,L1,C3_2,D3_1,F3_3,,,,,
245739,L2,L1,L3,L1,L3,L3,L1,L1,L1,C3_2,D3_2,F3_1,,,,,
245740,L2,L1,L3,L1,L3,L3,L1,L1,L1,C3_2,D3_2,F3_2,,,,,
245741,L2,L1,L3,L1,L3,L3,L1,L1,L1,C3_2,D3_2,F3_3,,,,,
245742,L2,L1,L3,L1,L3,L3,L1,L1,L1,C3_2,D3_3,F3_1,,,,,
245743,L2,L1,L3,L1,L3,L3,L1,L1,L1,C3_2,D3_3,F3_2,,,,,
245744,L2,L1,L3,L1,L3,L3,L1,L1,L1,C3_2,D3_3,F3_3,,,,,
245745,L2,L1,L3,L1,L3,L3,L1,L1,L1,C3_3,D3_1,F3_1,,,,,
245746,L2,L1,L3,L1,L3,L3,L1,L1,L1,C3_3,D3_1,F3_2,,,,,
245747,L2,L1,L3,L1,L3,L3,L1,L1,L1,C3_3,D3_1,F3_3,,,,,
245748,L2,L1,L3,L1,L3,L3,L1,L1,L1,C3_3,D3_2,F3_1,,,,,
245749,L2,L1,L3,L1,L3,L3,L1,L1,L1,C3_3,D3_2,F3_2,,,,,
245750,L2,L1,L3,L1,L3,L3,L1,L1,L1,C3_3,D3_2,F3_3,,,,,
245751,L2,L1,L3,L1,L3,L3,L1,L1,L1,C3_3,D3_3,F3_1,,,,,
245752,L2,L1,L3,L1,L3,L3,L1,L1,L1,C3_3,D3_3,F3_2,,,,,
245753,L2,L1,L3,L1,L3,L3,L1,L1,L1,C3_3,D3_3,F3_3,,,,,
249237,L1,L3,L1,L2,L3,L3,L1,L1,L1,C3_1,D3_1,F3_1,,,,,
249238,L1,L3,L1,L2,L3,L3,L1,L1,L1,C3_1,D3_1,F3_2,,,,,
249239,L1,L3,L1,L2,L3,L3,L1,L1,L1,C3_1,D3_1,F3_3,,,,,
249240,L1,L3,L1,L2,L3,L3,L1,L1,L1,C3_1,D3_2,F3_1,,,,,
249241,L1,L3,L1,L2,L3,L3,L1,L1,L1,C3_1,D3_2,F3_2,,,,,
249242,L1,L3,L1,L2,L3,L3,L1,L1,L1,C3_1,D3_2,F3_3,,,,,
249243,L1,L3,L1,L2,L3,L3,L1,L1,L1,C3_1,D3_3,F3_1,,,,,
249244,L1,L3,L1,L2,L3,L3,L1,L1,L1,C3_1,D3_3,F3_2,,,,,
249245,L1,L3,L1,L2,L3,L3,L1,L1,L1,C3_1,D3_3,F3_3,,,,,
249246,L1,L3,L1,L2,L3,L3,L1,L1,L1,C3_2,D3_1,F3_1,,,,,
249247,L1,L3,L1,L2,L3,L3,L1,L1,L1,C3_2,D3_1,F3_2,,,,,
249248,L1,L3,L1,L2,L3,L3,L1,L1,L1,C3_2,D3_1,F3_3,,,,,
249249,L1,L3,L1,L2,L3,L3,L1,L1,L1,C3_2,D3_2,F3_1,,,,,
249250,L1,L3,L1,L2,L3,L3,L1,L1,L1,C3_2,D3_2,F3_2,,,,,
249251,L1,L3,L1,L2,L3,L3,L1,L1,L1,C3_2,D3_2,F3_3,,,,,
249252,L1,L3,L1,L2,L3,L3,L1,L1,L1,C3_2,D3_3,F3_1,,,,,
249253,L1,L3,L1,L2,L3,L3,L1,L1,L1,C3_2,D3_3,F3_2,,,,,
249254,L1,L3,L1,L2,L3,L3,L1,L1,L1,C3_2,D3_3,F3_3,,,,,
249255,L1,L3,L1,L2,L3,L3,L1,L1,L1,C3_3,D3_1,F3_1,,,,,
249256,L1,L3,L1,L2,L3,L3,L1,L1,L1,C3_3,D3_1,F3_2,,,,,
249257,L1,L3,L1,L2,L3,L3,L1,L1,L1,C3_3,D3_1,F3_3,,,,,
249258,L1,L3,L1,L2,L3,L3,L1,L1,L1,C3_3,D3_2,F3_1,,,,,
249259,L1,L3,L1,L2,L3,L3,L1,L1,L1,C3_3,D3_2,F3_2,,,,,
249260,L1,L3,L1,L2,L3,L3,L1,L1,L1,C3_3,D3_2,F3_3,,,,,
249261,L1,L3,L1,L2,L3,L3,L1,L1,L1,C3_3,D3_3,F3_1,,,,,
249262,L1,L3,L1,L2,L3,L3,L1,L1,L1,C3_3,D3_3,F3_2,,,,,
249263,L1,L3,L1,L2,L3,L3,L1,L1,L1,C3_3,D3_3,F3_3,,,,,
249264,L2,L1,L3,L2,L1,L3,L1,L1,L1,C3_1,D3_1,F3_1,,,,,
249265,L2,L1,L3,L2,L1,L3,L1,L1,L1,C3_1,D3_1,F3_2,,,,,
249266,L2,L1,L3,L2,L1,L3,L1,L1,L1,C3_1,D3_1,F3_3,,,,,
249267,L2,L1,L3,L2,L1,L3,L1,L1,L1,C3_1,D3_2,F3_1,,,,,
249268,L2,L1,L3,L2,L1,L3,L1,L1,L1,C3_1,D3_2,F3_2,,,,,
249269,L2,L1,L3,L2,L1,L3,L1,L1,L1,C3_1,D3_2,F3_3,,,,,
249270,L2,L1,L3,L2,L1,L3,L1,L1,L1,C3_1,D3_3,F3_1,,,,,
249271,L2,L1,L3,L2,L1,L3,L1,L1,L1,C3_1,D3_3,F3_2,,,,,
249272,L2,L1,L3,L2,L1,L3,L1,L1,L1,C3_1,D3_3,F3_3,,,,,
249273,L2,L1,L3,L2,L1,L3,L1,L1,L1,C3_2,D3_1,F3_1,,,,,
249274,L2,L1,L3,L2,L1,L3,L1,L1,L1,C3_2,D3_1,F3_2,,,,,
249275,L2,L1,L3,L2,L1,L3,L1,L1,L1,C3_2,D3_1,F3_3,,,,,
249276,L2,L1,L3,L2,L1,L3,L1,L1,L1,C3_2,D3_2,F3_1,,,,,
249277,L2,L1,L3,L2,L1,L3,L1,L1,L1,C3_2,D3_2,F3_2,,,,,
249278,L2,L1,L3,L2,L1,L3,L1,L1,L1,C3_2,D3_2,F3_3,,,,,
249279,L2,L1,L3,L2,L1,L3,L1,L1,L1,C3_2,D3_3,F3_1,,,,,
249280,L2,L1,L3,L2,L1,L3,L1,L1,L1,C3_2,D3_3,F3_2,,,,,
249281,L2,L1,L3,L2,L1,L3,L1,L1,L1,C3_2,D3_3,F3_3,,,,,
249282,L2,L1,L3,L2,L1,L3,L1,L1,L1,C3_3,D3_1,F3_1,,,,,
249283,L2,L1,L3,L2,L1,L3,L1,L1,L1,C3_3,D3_1,F3_2,,,,,
249284,L2,L1,L3,L2,L1,L3,L1,L1,L1,C3_3,D3_1,F3_3,,,,,
249285,L2,L1,L3,L2,L1,L3,L1,L1,L1,C3_3,D3_2,F3_1,,,,,
249286,L2,L1,L3,L2,L1,L3,L1,L1,L1,C3_3,D3_2,F3_2,,,,,
249287,L2,L1,L3,L2,L1,L3,L1,L1,L1,C3_3,D3_2,F3_3,,,,,
249288,L2,L1,L3,L2,L1,L3,L1,L1,L1,C3_3,D3_3,F3_1,,,,,
249289,L2,L1,L3,L2,L1,L3,L1,L1,L1,C3_3,D3_3,F3_2,,,,,
249290,L2,L1,L3,L2,L1,L3,L1,L1,L1,C3_3,D3_3,F3_3,,,,,
250749,L2,L2,L3,L1,L2,L3,L1,L1,L1,C3_1,D3_1,F3_1,,,,,
250750,L2,L2,L3,L1,L2,L3,L1,L1,L1,C3_1,D3_1,F3_2,,,,,
250751,L2,L2,L3,L1,L2,L3,L1,L1,L1,C3_1,D3_1,F3_3,,,,,
250752,L2,L2,L3,L1,L2,L3,L1,L1,L1,C3_1,D3_2,F3_1,,,,,
250753,L2,L2,L3,L1,L2,L3,L1,L1,L1,C3_1,D3_2,F3_2,,,,,
250754,L2,L2,L3,L1,L2,L3,L1,L1,L1,C3_1,D3_2,F3_3,,,,,
250755,L2,L2,L3,L1,L2,L3,L1,L1,L1,C3_1,D3_3,F3_1,,,,,
250756,L2,L2,L3,L1,L2,L3,L1,L1,L1,C3_1,D3_3,F3_2,,,,,
250757,L2,L2,L3,L1,L2,L3,L1,L1,L1,C3_1,D3_3,F3_3,,,,,
250758,L2,L2,L3,L1,L2,L3,L1,L1,L1,C3_2,D3_1,F3_1,,,,,
250759,L2,L2,L3,L1,L2,L3,L1,L1,L1,C3_2,D3_1,F3_2,,,,,
250760,L2,L2,L3,L1,L2,L3,L1,L1,L1,C3_2,D3_1,F3_3,,,,,
250761,L2,L2,L3,L1,L2,L3,L1,L1,L1,C3_2,D3_2,F3_1,,,,,
250762,L2,L2,L3,L1,L2,L3,L1,L1,L1,C3_2,D3_2,F3_2,,,,,
250763,L2,L2,L3,L1,L2,L3,L1,L1,L1,C3_2,D3_2,F3_3,,,,,
250764,L2,L2,L3,L1,L2,L3,L1,L1,L1,C3_2,D3_3,F3_1,,,,,
250765,L2,L2,L3,L1,L2,L3,L1,L1,L1,C3_2,D3_3,F3_2,,,,,
250766,L2,L2,L3,L1,L2,L3,L1,L1,L1,C3_2,D3_3,F3_3,,,,,
250767,L2,L2,L3,L1,L2,L3,L1,L1,L1,C3_3,D3_1,F3_1,,,,,
250768,L2,L2,L3,L1,L2,L3,L1,L1,L1,C3_3,D3_1,F3_2,,,,,
250769,L2,L2,L3,L1,L2,L3,L1,L1,L1,C3_3,D3_1,F3_3,,,,,
250770,L2,L2,L3,L1,L2,L3,L1,L1,L1,C3_3,D3_2,F3_1,,,,,
250771,L2,L2,L3,L1,L2,L3,L1,L1,L1,C3_3,D3_2,F3_2,,,,,
250772,L2,L2,L3,L1,L2,L3,L1,L1,L1,C3_3,D3_2,F3_3,,,,,
250773,L2,L2,L3,L1,L2,L3,L1,L1,L1,C3_3,D3_3,F3_1,,,,,
250774,L2,L2,L3,L1,L2,L3,L1,L1,L1,C3_3,D3_3,F3_2,,,,,
250775,L2,L2,L3,L1,L2,L3,L1,L1,L1,C3_3,D3_3,F3_3,,,,,
269622,L1,L2,L2,L1,L1,L3,L1,L1,L1,C3_1,D3_1,F3_1,,,,,
269623,L1,L2,L2,L1,L1,L3,L1,L1,L1,C3_1,D3_1,F3_2,,,,,
269624,L1,L2,L2,L1,L1,L3,L1,L1,L1,C3_1,D3_1,F3_3,,,,,
269625,L1,L2,L2,L1,L1,L3,L1,L1,L1,C3_1,D3_2,F3_1,,,,,
269626,L1,L2,L2,L1,L1,L3,L1,L1,L1,C3_1,D3_2,F3_2,,,,,
269627,L1,L2,L2,L1,L1,L3,L1,L1,L1,C3_1,D3_2,F3_3,,,,,
269628,L1,L2,L2,L1,L1,L3,L1,L1,L1,C3_1,D3_3,F3_1,,,,,
269629,L1,L2,L2,L1,L1,L3,L1,L1,L1,C3_1,D3_3,F3_2,,,,,
269630,L1,L2,L2,L1,L1,L3,L1,L1,L1,C3_1,D3_3,F3_3,,,,,
269631,L1,L2,L2,L1,L1,L3,L1,L1,L1,C3_2,D3_1,F3_1,,,,,
269632,L1,L2,L2,L1,L1,L3,L1,L1,L1,C3_2,D3_1,F3_2,,,,,
269633,L1,L2,L2,L1,L1,L3,L1,L1,L1,C3_2,D3_1,F3_3,,,,,
269634,L1,L2,L2,L1,L1,L3,L1,L1,L1,C3_2,D3_2,F3_1,,,,,
269635,L1,L2,L2,L1,L1,L3,L1,L1,L1,C3_2,D3_2,F3_2,,,,,
269636,L1,L2,L2,L1,L1,L3,L1,L1,L1,C3_2,D3_2,F3_3,,,,,
269637,L1,L2,L2,L1,L1,L3,L1,L1,L1,C3_2,D3_3,F3_1,,,,,
269638,L1,L2,L2,L1,L1,L3,L1,L1,L1,C3_2,D3_3,F3_2,,,,,
269639,L1,L2,L2,L1,L1,L3,L1,L1,L1,C3_2,D3_3,F3_3,,,,,
269640,L1,L2,L2,L1,L1,L3,L1,L1,L1,C3_3,D3_1,F3_1,,,,,
269641,L1,L2,L2,L1,L1,L3,L1,L1,L1,C3_3,D3_1,F3_2,,,,,
269642,L1,L2,L2,L1,L1,L3,L1,L1,L1,C3_3,D3_1,F3_3,,,,,
269643,L1,L2,L2,L1,L1,L3,L1,L1,L1,C3_3,D3_2,F3_1,,,,,
269644,L1,L2,L2,L1,L1,L3,L1,L1,L1,C3_3,D3_2,F3_2,,,,,
269645,L1,L2,L2,L1,L1,L3,L1,L1,L1,C3_3,D3_2,F3_3,,,,,
269646,L1,L2,L2,L1,L1,L3,L1,L1,L1,C3_3,D3_3,F3_1,,,,,
269647,L1,L2,L2,L1,L1,L3,L1,L1,L1,C3_3,D3_3,F3_2,,,,,
269648,L1,L2,L2,L1,L1,L3,L1,L1,L1,C3_3,D3_3,F3_3,,,,,
273537,L2,L3,L1,L1,L1,L3,L1,L1,L1,C3_1,D3_1,F3_1,,,,,
273538,L2,L3,L1,L1,L1,L3,L1,L1,L1,C3_1,D3_1,F3_2,,,,,
273539,L2,L3,L1,L1,L1,L3,L1,L1,L1,C3_1,D3_1,F3_3,,,,,
273540,L2,L3,L1,L1,L1,L3,L1,L1,L1,C3_1,D3_2,F3_1,,,,,
273541,L2,L3,L1,L1,L1,L3,L1,L1,L1,C3_1,D3_2,F3_2,,,,,
273542,L2,L3,L1,L1,L1,L3,L1,L1,L1,C3_1,D3_2,F3_3,,,,,
273543,L2,L3,L1,L1,L1,L3,L1,L1,L1,C3_1,D3_3,F3_1,,,,,
273544,L2,L3,L1,L1,L1,L3,L1,L1,L1,C3_1,D3_3,F3_2,,,,,
273545,L2,L3,L1,L1,L1,L3,L1,L1,L1,C3_1,D3_3,F3_3,,,,,
273546,L2,L3,L1,L1,L1,L3,L1,L1,L1,C3_2,D3_1,F3_1,,,,,
273547,L2,L3,L1,L1,L1,L3,L1,L1,L1,C3_2,D3_1,F3_2,,,,,
273548,L2,L3,L1,L1,L1,L3,L1,L1,L1,C3_2,D3_1,F3_3,,,,,
273549,L2,L3,L1,L1,L1,L3,L1,L1,L1,C3_2,D3_2,F3_1,,,,,
273550,L2,L3,L1,L1,L1,L3,L1,L1,L1,C3_2,D3_2,F3_2,,,,,
273551,L2,L3,L1,L1,L1,L3,L1,L1,L1,C3_2,D3_2,F3_3,,,,,
273552,L2,L3,L1,L1,L1,L3,L1,L1,L1,C3_2,D3_3,F3_1,,,,,
273553,L2,L3,L1,L1,L1,L3,L1,L1,L1,C3_2,D3_3,F3_2,,,,,
273554,L2,L3,L1,L1,L1,L3,L1,L1,L1,C3_2,D3_3,F3_3,,,,,
273555,L2,L3,L1,L1,L1,L3,L1,L1,L1,C3_3,D3_1,F3_1,,,,,
273556,L2,L3,L1,L1,L1,L3,L1,L1,L1,C3_3,D3_1,F3_2,,,,,
273557,L2,L3,L1,L1,L1,L3,L1,L1,L1,C3_3,D3_1,F3_3,,,,,
273558,L2,L3,L1,L1,L1,L3,L1,L1,L1,C3_3,D3_2,F3_1,,,,,
273559,L2,L3,L1,L1,L1,L3,L1,L1,L1,C3_3,D3_2,F3_2,,,,,
273560,L2,L3,L1,L1,L1,L3,L1,L1,L1,C3_3,D3_2,F3_3,,,,,
273561,L2,L3,L1,L1,L1,L3,L1,L1,L1,C3_3,D3_3,F3_1,,,,,
273562,L2,L3,L1,L1,L1,L3,L1,L1,L1,C3_3,D3_3,F3_2,,,,,
273563,L2,L3,L1,L1,L1,L3,L1,L1,L1,C3_3,D3_3,F3_3,,,,,
289494,L1,L1,L2,L1,L2,L3,L1,L1,L1,C3_1,D3_1,F3_1,,,,,
289495,L1,L1,L2,L1,L2,L3,L1,L1,L1,C3_1,D3_1,F3_2,,,,,
289496,L1,L1,L2,L1,L2,L3,L1,L1,L1,C3_1,D3_1,F3_3,,,,,
289497,L1,L1,L2,L1,L2,L3,L1,L1,L1,C3_1,D3_2,F3_1,,,,,
289498,L1,L1,L2,L1,L2,L3,L1,L1,L1,C3_1,D3_2,F3_2,,,,,
289499,L1,L1,L2,L1,L2,L3,L1,L1,L1,C3_1,D3_2,F3_3,,,,,
289500,L1,L1,L2,L1,L2,L3,L1,L1,L1,C3_1,D3_3,F3_1,,,,,
289501,L1,L1,L2,L1,L2,L3,L1,L1,L1,C3_1,D3_3,F3_2,,,,,
289502,L1,L1,L2,L1,L2,L3,L1,L1,L1,C3_1,D3_3,F3_3,,,,,
289503,L1,L1,L2,L1,L2,L3,L1,L1,L1,C3_2,D3_1,F3_1,,,,,
289504,L1,L1,L2,L1,L2,L3,L1,L1,L1,C3_2,D3_1,F3_2,,,,,
289505,L1,L1,L2,L1,L2,L3,L1,L1,L1,C3_2,D3_1,F3_3,,,,,
289506,L1,L1,L2,L1,L2,L3,L1,L1,L1,C3_2,D3_2,F3_1,,,,,
289507,L1,L1,L2,L1,L2,L3,L1,L1,L1,C3_2,D3_2,F3_2,,,,,
289508,L1,L1,L2,L1,L2,L3,L1,L1,L1,C3_2,D3_2,F3_3,,,,,
289509,L1,L1,L2,L1,L2,L3,L1,L1,L1,C3_2,D3_3,F3_1,,,,,
289510,L1,L1,L2,L1,L2,L3,L1,L1,L1,C3_2,D3_3,F3_2,,,,,
289511,L1,L1,L2,L1,L2,L3,L1,L1,L1,C3_2,D3_3,F3_3,,,,,
289512,L1,L1,L2,L1,L2,L3,L1,L1,L1,C3_3,D3_1,F3_1,,,,,
289513,L1,L1,L2,L1,L2,L3,L1,L1,L1,C3_3,D3_1,F3_2,,,,,
289514,L1,L1,L2,L1,L2,L3,L1,L1,L1,C3_3,D3_1,F3_3,,,,,
289515,L1,L1,L2,L1,L2,L3,L1,L1,L1,C3_3,D3_2,F3_1,,,,,
289516,L1,L1,L2,L1,L2,L3,L1,L1,L1,C3_3,D3_2,F3_2,,,,,
289517,L1,L1,L2,L1,L2,L3,L1,L1,L1,C3_3,D3_2,F3_3,,,,,
289518,L1,L1,L2,L1,L2,L3,L1,L1,L1,C3_3,D3_3,F3_1,,,,,
289519,L1,L1,L2,L1,L2,L3,L1,L1,L1,C3_3,D3_3,F3_2,,,,,
289520,L1,L1,L2,L1,L2,L3,L1,L1,L1,C3_3,D3_3,F3_3,,,,,
297297,L3,L1,L1,L1,L2,L3,L1,L1,L1,C3_1,D3_1,F3_1,,,,,
297298,L3,L1,L1,L1,L2,L3,L1,L1,L1,C3_1,D3_1,F3_2,,,,,
297299,L3,L1,L1,L1,L2,L3,L1,L1,L1,C3_1,D3_1,F3_3,,,,,
297300,L3,L1,L1,L1,L2,L3,L1,L1,L1,C3_1,D3_2,F3_1,,,,,
297301,L3,L1,L1,L1,L2,L3,L1,L1,L1,C3_1,D3_2,F3_2,,,,,
297302,L3,L1,L1,L1,L2,L3,L1,L1,L1,C3_1,D3_2,F3_3,,,,,
297303,L3,L1,L1,L1,L2,L3,L1,L1,L1,C3_1,D3_3,F3_1,,,,,
297304,L3,L1,L1,L1,L2,L3,L1,L1,L1,C3_1,D3_3,F3_2,,,,,
297305,L3,L1,L1,L1,L2,L3,L1,L1,L1,C3_1,D3_3,F3_3,,,,,
297306,L3,L1,L1,L1,L2,L3,L1,L1,L1,C3_2,D3_1,F3_1,,,,,
297307,L3,L1,L1,L1,L2,L3,L1,L1,L1,C3_2,D3_1,F3_2,,,,,
297308,L3,L1,L1,L1,L2,L3,L1,L1,L1,C3_2,D3_1,F3_3,,,,,
297309,L3,L1,L1,L1,L2,L3,L1,L1,L1,C3_2,D3_2,F3_1,,,,,
297310,L3,L1,L1,L1,L2,L3,L1,L1,L1,C3_2,D3_2,F3_2,,,,,
297311,L3,L1,L1,L1,L2,L3,L1,L1,L1,C3_2,D3_2,F3_3,,,,,
297312,L3,L1,L1,L1,L2,L3,L1,L1,L1,C3_2,D3_3,F3_1,,,,,
297313,L3,L1,L1,L1,L2,L3,L1,L1,L1,C3_2,D3_3,F3_2,,,,,
297314,L3,L1,L1,L1,L2,L3,L1,L1,L1,C3_2,D3_3,F3_3,,,,,
297315,L3,L1,L1,L1,L2,L3,L1,L1,L1,C3_3,D3_1,F3_1,,,,,
297316,L3,L1,L1,L1,L2,L3,L1,L1,L1,C3_3,D3_1,F3_2,,,,,
297317,L3,L1,L1,L1,L2,L3,L1,L1,L1,C3_3,D3_1,F3_3,,,,,
297318,L3,L1,L1,L1,L2,L3,L1,L1,L1,C3_3,D3_2,F3_1,,,,,
297319,L3,L1,L1,L1,L2,L3,L1,L1,L1,C3_3,D3_2,F3_2,,,,,
297320,L3,L1,L1,L1,L2,L3,L1,L1,L1,C3_3,D3_2,F3_3,,,,,
297321,L3,L1,L1,L1,L2,L3,L1,L1,L1,C3_3,D3_3,F3_1,,,,,
297322,L3,L1,L1,L1,L2,L3,L1,L1,L1,C3_3,D3_3,F3_2,,,,,
297323,L3,L1,L1,L1,L2,L3,L1,L1,L1,C3_3,D3_3,F3_3,,,,,
336069,L3,L2,L3,L2,L1,L3,L1,L1,L1,C3_1,D3_1,F3_1,,,,,
336070,L3,L2,L3,L2,L1,L3,L1,L1,L1,C3_1,D3_1,F3_2,,,,,
336071,L3,L2,L3,L2,L1,L3,L1,L1,L1,C3_1,D3_1,F3_3,,,,,
336072,L3,L2,L3,L2,L1,L3,L1,L1,L1,C3_1,D3_2,F3_1,,,,,
336073,L3,L2,L3,L2,L1,L3,L1,L1,L1,C3_1,D3_2,F3_2,,,,,
336074,L3,L2,L3,L2,L1,L3,L1,L1,L1,C3_1,D3_2,F3_3,,,,,
336075,L3,L2,L3,L2,L1,L3,L1,L1,L1,C3_1,D3_3,F3_1,,,,,
336076,L3,L2,L3,L2,L1,L3,L1,L1,L1,C3_1,D3_3,F3_2,,,,,
336077,L3,L2,L3,L2,L1,L3,L1,L1,L1,C3_1,D3_3,F3_3,,,,,
336078,L3,L2,L3,L2,L1,L3,L1,L1,L1,C3_2,D3_1,F3_1,,,,,
336079,L3,L2,L3,L2,L1,L3,L1,L1,L1,C3_2,D3_1,F3_2,,,,,
336080,L3,L2,L3,L2,L1,L3,L1,L1,L1,C3_2,D3_1,F3_3,,,,,
336081,L3,L2,L3,L2,L1,L3,L1,L1,L1,C3_2,D3_2,F3_1,,,,,
336082,L3,L2,L3,L2,L1,L3,L1,L1,L1,C3_2,D3_2,F3_2,,,,,
336083,L3,L2,L3,L2,L1,L3,L1,L1,L1,C3_2,D3_2,F3_3,,,,,
336084,L3,L2,L3,L2,L1,L3,L1,L1,L1,C3_2,D3_3,F3_1,,,,,
336085,L3,L2,L3,L2,L1,L3,L1,L1,L1,C3_2,D3_3,F3_2,,,,,
336086,L3,L2,L3,L2,L1,L3,L1,L1,L1,C3_2,D3_3,F3_3,,,,,
336087,L3,L2,L3,L2,L1,L3,L1,L1,L1,C3_3,D3_1,F3_1,,,,,
336088,L3,L2,L3,L2,L1,L3,L1,L1,L1,C3_3,D3_1,F3_2,,,,,
336089,L3,L2,L3,L2,L1,L3,L1,L1,L1,C3_3,D3_1,F3_3,,,,,
336090,L3,L2,L3,L2,L1,L3,L1,L1,L1,C3_3,D3_2,F3_1,,,,,
336091,L3,L2,L3,L2,L1,L3,L1,L1,L1,C3_3,D3_2,F3_2,,,,,
336092,L3,L2,L3,L2,L1,L3,L1,L1,L1,C3_3,D3_2,F3_3,,,,,
336093,L3,L2,L3,L2,L1,L3,L1,L1,L1,C3_3,D3_3,F3_1,,,,,
336094,L3,L2,L3,L2,L1,L3,L1,L1,L1,C3_3,D3_3,F3_2,,,,,
336095,L3,L2,L3,L2,L1,L3,L1,L1,L1,C3_3,D3_3,F3_3,,,,,
336906,L2,L1,L1,L2,L3,L3,L1,L1,L1,C3_1,D3_1,F3_1,,,,,
336907,L2,L1,L1,L2,L3,L3,L1,L1,L1,C3_1,D3_1,F3_2,,,,,
336908,L2,L1,L1,L2,L3,L3,L1,L1,L1,C3_1,D3_1,F3_3,,,,,
336909,L2,L1,L1,L2,L3,L3,L1,L1,L1,C3_1,D3_2,F3_1,,,,,
336910,L2,L1,L1,L2,L3,L3,L1,L1,L1,C3_1,D3_2,F3_2,,,,,
336911,L2,L1,L1,L2,L3,L3,L1,L1,L1,C3_1,D3_2,F3_3,,,,,
336912,L2,L1,L1,L2,L3,L3,L1,L1,L1,C3_1,D3_3,F3_1,,,,,
336913,L2,L1,L1,L2,L3,L3,L1,L1,L1,C3_1,D3_3,F3_2,,,,,
336914,L2,L1,L1,L2,L3,L3,L1,L1,L1,C3_1,D3_3,F3_3,,,,,
336915,L2,L1,L1,L2,L3,L3,L1,L1,L1,C3_2,D3_1,F3_1,,,,,
336916,L2,L1,L1,L2,L3,L3,L1,L1,L1,C3_2,D3_1,F3_2,,,,,
336917,L2,L1,L1,L2,L3,L3,L1,L1,L1,C3_2,D3_1,F3_3,,,,,
336918,L2,L1,L1,L2,L3,L3,L1,L1,L1,C3_2,D3_2,F3_1,,,,,
336919,L2,L1,L1,L2,L3,L3,L1,L1,L1,C3_2,D3_2,F3_2,,,,,
336920,L2,L1,L1,L2,L3,L3,L1,L1,L1,C3_2,D3_2,F3_3,,,,,
336921,L2,L1,L1,L2,L3,L3,L1,L1,L1,C3_2,D3_3,F3_1,,,,,
336922,L2,L1,L1,L2,L3,L3,L1,L1,L1,C3_2,D3_3,F3_2,,,,,
336923,L2,L1,L1,L2,L3,L3,L1,L1,L1,C3_2,D3_3,F3_3,,,,,
336924,L2,L1,L1,L2,L3,L3,L1,L1,L1,C3_3,D3_1,F3_1,,,,,
336925,L2,L1,L1,L2,L3,L3,L1,L1,L1,C3_3,D3_1,F3_2,,,,,
336926,L2,L1,L1,L2,L3,L3,L1,L1,L1,C3_3,D3_1,F3_3,,,,,
336927,L2,L1,L1,L2,L3,L3,L1,L1,L1,C3_3,D3_2,F3_1,,,,,
336928,L2,L1,L1,L2,L3,L3,L1,L1,L1,C3_3,D3_2,F3_2,,,,,
336929,L2,L1,L1,L2,L3,L3,L1,L1,L1,C3_3,D3_2,F3_3,,,,,
336930,L2,L1,L1,L2,L3,L3,L1,L1,L1,C3_3,D3_3,F3_1,,,,,
336931,L2,L1,L1,L2,L3,L3,L1,L1,L1,C3_3,D3_3,F3_2,,,,,
336932,L2,L1,L1,L2,L3,L3,L1,L1,L1,C3_3,D3_3,F3_3,,,,,
368253,L3,L1,L1,L3,L1,L3,L1,L1,L1,C3_1,D3_1,F3_1,,,,,
368254,L3,L1,L1,L3,L1,L3,L1,L1,L1,C3_1,D3_1,F3_2,,,,,
368255,L3,L1,L1,L3,L1,L3,L1,L1,L1,C3_1,D3_1,F3_3,,,,,
368256,L3,L1,L1,L3,L1,L3,L1,L1,L1,C3_1,D3_2,F3_1,,,,,
368257,L3,L1,L1,L3,L1,L3,L1,L1,L1,C3_1,D3_2,F3_2,,,,,
368258,L3,L1,L1,L3,L1,L3,L1,L1,L1,C3_1,D3_2,F3_3,,,,,
368259,L3,L1,L1,L3,L1,L3,L1,L1,L1,C3_1,D3_3,F3_1,,,,,
368260,L3,L1,L1,L3,L1,L3,L1,L1,L1,C3_1,D3_3,F3_2,,,,,
368261,L3,L1,L1,L3,L1,L3,L1,L1,L1,C3_1,D3_3,F3_3,,,,,
368262,L3,L1,L1,L3,L1,L3,L1,L1,L1,C3_2,D3_1,F3_1,,,,,
368263,L3,L1,L1,L3,L1,L3,L1,L1,L1,C3_2,D3_1,F3_2,,,,,
368264,L3,L1,L1,L3,L1,L3,L1,L1,L1,C3_2,D3_1,F3_3,,,,,
368265,L3,L1,L1,L3,L1,L3,L1,L1,L1,C3_2,D3_2,F3_1,,,,,
368266,L3,L1,L1,L3,L1,L3,L1,L1,L1,C3_2,D3_2,F3_2,,,,,
368267,L3,L1,L1,L3,L1,L3,L1,L1,L1,C3_2,D3_2,F3_3,,,,,
368268,L3,L1,L1,L3,L1,L3,L1,L1,L1,C3_2,D3_3,F3_1,,,,,
368269,L3,L1,L1,L3,L1,L3,L1,L1,L1,C3_2,D3_3,F3_2,,,,,
368270,L3,L1,L1,L3,L1,L3,L1,L1,L1,C3_2,D3_3,F3_3,,,,,
368271,L3,L1,L1,L3,L1,L3,L1,L1,L1,C3_3,D3_1,F3_1,,,,,
368272,L3,L1,L1,L3,L1,L3,L1,L1,L1,C3_3,D3_1,F3_2,,,,,
368273,L3,L1,L1,L3,L1,L3,L1,L1,L1,C3_3,D3_1,F3_3,,,,,
368274,L3,L1,L1,L3,L1,L3,L1,L1,L1,C3_3,D3_2,F3_1,,,,,
368275,L3,L1,L1,L3,L1,L3,L1,L1,L1,C3_3,D3_2,F3_2,,,,,
368276,L3,L1,L1,L3,L1,L3,L1,L1,L1,C3_3,D3_2,F3_3,,,,,
368277,L3,L1,L1,L3,L1,L3,L1,L1,L1,C3_3,D3_3,F3_1,,,,,
368278,L3,L1,L1,L3,L1,L3,L1,L1,L1,C3_3,D3_3,F3_2,,,,,
368279,L3,L1,L1,L3,L1,L3,L1,L1,L1,C3_3,D3_3,F3_3,,,,,
368280,L1,L2,L3,L1,L3,L3,L1,L1,L1,C3_1,D3_1,F3_1,,,,,
368281,L1,L2,L3,L1,L3,L3,L1,L1,L1,C3_1,D3_1,F3_2,,,,,
368282,L1,L2,L3,L1,L3,L3,L1,L1,L1,C3_1,D3_1,F3_3,,,,,
368283,L1,L2,L3,L1,L3,L3,L1,L1,L1,C3_1,D3_2,F3_1,,,,,
368284,L1,L2,L3,L1,L3,L3,L1,L1,L1,C3_1,D3_2,F3_2,,,,,
368285,L1,L2,L3,L1,L3,L3,L1,L1,L1,C3_1,D3_2,F3_3,,,,,
368286,L1,L2,L3,L1,L3,L3,L1,L1,L1,C3_1,D3_3,F3_1,,,,,
368287,L1,L2,L3,L1,L3,L3,L1,L1,L1,C3_1,D3_3,F3_2,,,,,
368288,L1,L2,L3,L1,L3,L3,L1,L1,L1,C3_1,D3_3,F3_3,,,,,
368289,L1,L2,L3,L1,L3,L3,L1,L1,L1,C3_2,D3_1,F3_1,,,,,
368290,L1,L2,L3,L1,L3,L3,L1,L1,L1,C3_2,D3_1,F3_2,,,,,
368291,L1,L2,L3,L1,L3,L3,L1,L1,L1,C3_2,D3_1,F3_3,,,,,
368292,L1,L2,L3,L1,L3,L3,L1,L1,L1,C3_2,D3_2,F3_1,,,,,
368293,L1,L2,L3,L1,L3,L3,L1,L1,L1,C3_2,D3_2,F3_2,,,,,
368294,L1,L2,L3,L1,L3,L3,L1,L1,L1,C3_2,D3_2,F3_3,,,,,
368295,L1,L2,L3,L1,L3,L3,L1,L1,L1,C3_2,D3_3,F3_1,,,,,
368296,L1,L2,L3,L1,L3,L3,L1,L1,L1,C3_2,D3_3,F3_2,,,,,
368297,L1,L2,L3,L1,L3,L3,L1,L1,L1,C3_2,D3_3,F3_3,,,,,
368298,L1,L2,L3,L1,L3,L3,L1,L1,L1,C3_3,D3_1,F3_1,,,,,
368299,L1,L2,L3,L1,L3,L3,L1,L1,L1,C3_3,D3_1,F3_2,,,,,
368300,L1,L2,L3,L1,L3,L3,L1,L1,L1,C3_3,D3_1,F3_3,,,,,
368301,L1,L2,L3,L1,L3,L3,L1,L1,L1,C3_3,D3_2,F3_1,,,,,
368302,L1,L2,L3,L1,L3,L3,L1,L1,L1,C3_3,D3_2,F3_2,,,,,
368303,L1,L2,L3,L1,L3,L3,L1,L1,L1,C3_3,D3_2,F3_3,,,,,
368304,L1,L2,L3,L1,L3,L3,L1,L1,L1,C3_3,D3_3,F3_1,,,,,
368305,L1,L2,L3,L1,L3,L3,L1,L1,L1,C3_3,D3_3,F3_2,,,,,
368306,L1,L2,L3,L1,L3,L3,L1,L1,L1,C3_3,D3_3,F3_3,,,,,
383859,L3,L1,L3,L3,L3,L3,L1,L1,L1,C3_1,D3_1,F3_1,,,,,
383860,L3,L1,L3,L3,L3,L3,L1,L1,L1,C3_1,D3_1,F3_2,,,,,
383861,L3,L1,L3,L3,L3,L3,L1,L1,L1,C3_1,D3_1,F3_3,,,,,
383862,L3,L1,L3,L3,L3,L3,L1,L1,L1,C3_1,D3_2,F3_1,,,,,
383863,L3,L1,L3,L3,L3,L3,L1,L1,L1,C3_1,D3_2,F3_2,,,,,
383864,L3,L1,L3,L3,L3,L3,L1,L1,L1,C3_1,D3_2,F3_3,,,,,
383865,L3,L1,L3,L3,L3,L3,L1,L1,L1,C3_1,D3_3,F3_1,,,,,
383866,L3,L1,L3,L3,L3,L3,L1,L1,L1,C3_1,D3_3,F3_2,,,,,
383867,L3,L1,L3,L3,L3,L3,L1,L1,L1,C3_1,D3_3,F3_3,,,,,
383868,L3,L1,L3,L3,L3,L3,L1,L1,L1,C3_2,D3_1,F3_1,,,,,
383869,L3,L1,L3,L3,L3,L3,L1,L1,L1,C3_2,D3_1,F3_2,,,,,
383870,L3,L1,L3,L3,L3,L3,L1,L1,L1,C3_2,D3_1,F3_3,,,,,
383871,L3,L1,L3,L3,L3,L3,L1,L1,L1,C3_2,D3_2,F3_1,,,,,
383872,L3,L1,L3,L3,L3,L3,L1,L1,L1,C3_2,D3_2,F3_2,,,,,
383873,L3,L1,L3,L3,L3,L3,L1,L1,L1,C3_2,D3_2,F3_3,,,,,
383874,L3,L1,L3,L3,L3,L3,L1,L1,L1,C3_2,D3_3,F3_1,,,,,
383875,L3,L1,L3,L3,L3,L3,L1,L1,L1,C3_2,D3_3,F3_2,,,,,
383876,L3,L1,L3,L3,L3,L3,L1,L1,L1,C3_2,D3_3,F3_3,,,,,
383877,L3,L1,L3,L3,L3,L3,L1,L1,L1,C3_3,D3_1,F3_1,,,,,
383878,L3,L1,L3,L3,L3,L3,L1,L1,L1,C3_3,D3_1,F3_2,,,,,
383879,L3,L1,L3,L3,L3,L3,L1,L1,L1,C3_3,D3_1,F3_3,,,,,
383880,L3,L1,L3,L3,L3,L3,L1,L1,L1,C3_3,D3_2,F3_1,,,,,
383881,L3,L1,L3,L3,L3,L3,L1,L1,L1,C3_3,D3_2,F3_2,,,,,
383882,L3,L1,L3,L3,L3,L3,L1,L1,L1,C3_3,D3_2,F3_3,,,,,
383883,L3,L1,L3,L3,L3,L3,L1,L1,L1,C3_3,D3_3,F3_1,,,,,
383884,L3,L1,L3,L3,L3,L3,L1,L1,L1,C3_3,D3_3,F3_2,,,,,
383885,L3,L1,L3,L3,L3,L3,L1,L1,L1,C3_3,D3_3,F3_3,,,,,
387639,L3,L3,L3,L3,L2,L3,L1,L1,L1,C3_1,D3_1,F3_1,,,,,
387640,L3,L3,L3,L3,L2,L3,L1,L1,L1,C3_1,D3_1,F3_2,,,,,
387641,L3,L3,L3,L3,L2,L3,L1,L1,L1,C3_1,D3_1,F3_3,,,,,
387642,L3,L3,L3,L3,L2,L3,L1,L1,L1,C3_1,D3_2,F3_1,,,,,
387643,L3,L3,L3,L3,L2,L3,L1,L1,L1,C3_1,D3_2,F3_2,,,,,
387644,L3,L3,L3,L3,L2,L3,L1,L1,L1,C3_1,D3_2,F3_3,,,,,
387645,L3,L3,L3,L3,L2,L3,L1,L1,L1,C3_1,D3_3,F3_1,,,,,
387646,L3,L3,L3,L3,L2,L3,L1,L1,L1,C3_1,D3_3,F3_2,,,,,
387647,L3,L3,L3,L3,L2,L3,L1,L1,L1,C3_1,D3_3,F3_3,,,,,
387648,L3,L3,L3,L3,L2,L3,L1,L1,L1,C3_2,D3_1,F3_1,,,,,
387649,L3,L3,L3,L3,L2,L3,L1,L1,L1,C3_2,D3_1,F3_2,,,,,
387650,L3,L3,L3,L3,L2,L3,L1,L1,L1,C3_2,D3_1,F3_3,,,,,
387651,L3,L3,L3,L3,L2,L3,L1,L1,L1,C3_2,D3_2,F3_1,,,,,
387652,L3,L3,L3,L3,L2,L3,L1,L1,L1,C3_2,D3_2,F3_2,,,,,
387653,L3,L3,L3,L3,L2,L3,L1,L1,L1,C3_2,D3_2,F3_3,,,,,
387654,L3,L3,L3,L3,L2,L3,L1,L1,L1,C3_2,D3_3,F3_1,,,,,
387655,L3,L3,L3,L3,L2,L3,L1,L1,L1,C3_2,D3_3,F3_2,,,,,
387656,L3,L3,L3,L3,L2,L3,L1,L1,L1,C3_2,D3_3,F3_3,,,,,
387657,L3,L3,L3,L3,L2,L3,L1,L1,L1,C3_3,D3_1,F3_1,,,,,
387658,L3,L3,L3,L3,L2,L3,L1,L1,L1,C3_3,D3_1,F3_2,,,,,
387659,L3,L3,L3,L3,L2,L3,L1,L1,L1,C3_3,D3_1,F3_3,,,,,
387660,L3,L3,L3,L3,L2,L3,L1,L1,L1,C3_3,D3_2,F3_1,,,,,
387661,L3,L3,L3,L3,L2,L3,L1,L1,L1,C3_3,D3_2,F3_2,,,,,
387662,L3,L3,L3,L3,L2,L3,L1,L1,L1,C3_3,D3_2,F3_3,,,,,
387663,L3,L3,L3,L3,L2,L3,L1,L1,L1,C3_3,D3_3,F3_1,,,,,
387664,L3,L3,L3,L3,L2,L3,L1,L1,L1,C3_3,D3_3,F3_2,,,,,
387665,L3,L3,L3,L3,L2,L3,L1,L1,L1,C3_3,D3_3,F3_3,,,,,
391635,L2,L2,L1,L3,L1,L3,L1,L1,L1,C3_1,D3_1,F3_1,,,,,
391636,L2,L2,L1,L3,L1,L3,L1,L1,L1,C3_1,D3_1,F3_2,,,,,
391637,L2,L2,L1,L3,L1,L3,L1,L1,L1,C3_1,D3_1,F3_3,,,,,
391638,L2,L2,L1,L3,L1,L3,L1,L1,L1,C3_1,D3_2,F3_1,,,,,
391639,L2,L2,L1,L3,L1,L3,L1,L1,L1,C3_1,D3_2,F3_2,,,,,
391640,L2,L2,L1,L3,L1,L3,L1,L1,L1,C3_1,D3_2,F3_3,,,,,
391641,L2,L2,L1,L3,L1,L3,L1,L1,L1,C3_1,D3_3,F3_1,,,,,
391642,L2,L2,L1,L3,L1,L3,L1,L1,L1,C3_1,D3_3,F3_2,,,,,
391643,L2,L2,L1,L3,L1,L3,L1,L1,L1,C3_1,D3_3,F3_3,,,,,
391644,L2,L2,L1,L3,L1,L3,L1,L1,L1,C3_2,D3_1,F3_1,,,,,
391645,L2,L2,L1,L3,L1,L3,L1,L1,L1,C3_2,D3_1,F3_2,,,,,
391646,L2,L2,L1,L3,L1,L3,L1,L1,L1,C3_2,D3_1,F3_3,,,,,
391647,L2,L2,L1,L3,L1,L3,L1,L1,L1,C3_2,D3_2,F3_1,,,,,
391648,L2,L2,L1,L3,L1,L3,L1,L1,L1,C3_2,D3_2,F3_2,,,,,
391649,L2,L2,L1,L3,L1,L3,L1,L1,L1,C3_2,D3_2,F3_3,,,,,
391650,L2,L2,L1,L3,L1,L3,L1,L1,L1,C3_2,D3_3,F3_1,,,,,
391651,L2,L2,L1,L3,L1,L3,L1,L1,L1,C3_2,D3_3,F3_2,,,,,
391652,L2,L2,L1,L3,L1,L3,L1,L1,L1,C3_2,D3_3,F3_3,,,,,
391653,L2,L2,L1,L3,L1,L3,L1,L1,L1,C3_3,D3_1,F3_1,,,,,
391654,L2,L2,L1,L3,L1,L3,L1,L1,L1,C3_3,D3_1,F3_2,,,,,
391655,L2,L2,L1,L3,L1,L3,L1,L1,L1,C3_3,D3_1,F3_3,,,,,
391656,L2,L2,L1,L3,L1,L3,L1,L1,L1,C3_3,D3_2,F3_1,,,,,
391657,L2,L2,L1,L3,L1,L3,L1,L1,L1,C3_3,D3_2,F3_2,,,,,
391658,L2,L2,L1,L3,L1,L3,L1,L1,L1,C3_3,D3_2,F3_3,,,,,
391659,L2,L2,L1,L3,L1,L3,L1,L1,L1,C3_3,D3_3,F3_1,,,,,
391660,L2,L2,L1,L3,L1,L3,L1,L1,L1,C3_3,D3_3,F3_2,,,,,
391661,L2,L2,L1,L3,L1,L3,L1,L1,L1,C3_3,D3_3,F3_3,,,,,
408888,L2,L2,L3,L2,L3,L3,L1,L1,L1,C3_1,D3_1,F3_1,,,,,
408889,L2,L2,L3,L2,L3,L3,L1,L1,L1,C3_1,D3_1,F3_2,,,,,
408890,L2,L2,L3,L2,L3,L3,L1,L1,L1,C3_1,D3_1,F3_3,,,,,
408891,L2,L2,L3,L2,L3,L3,L1,L1,L1,C3_1,D3_2,F3_1,,,,,
408892,L2,L2,L3,L2,L3,L3,L1,L1,L1,C3_1,D3_2,F3_2,,,,,
408893,L2,L2,L3,L2,L3,L3,L1,L1,L1,C3_1,D3_2,F3_3,,,,,
408894,L2,L2,L3,L2,L3,L3,L1,L1,L1,C3_1,D3_3,F3_1,,,,,
408895,L2,L2,L3,L2,L3,L3,L1,L1,L1,C3_1,D3_3,F3_2,,,,,
408896,L2,L2,L3,L2,L3,L3,L1,L1,L1,C3_1,D3_3,F3_3,,,,,
408897,L2,L2,L3,L2,L3,L3,L1,L1,L1,C3_2,D3_1,F3_1,,,,,
408898,L2,L2,L3,L2,L3,L3,L1,L1,L1,C3_2,D3_1,F3_2,,,,,
408899,L2,L2,L3,L2,L3,L3,L1,L1,L1,C3_2,D3_1,F3_3,,,,,
408900,L2,L2,L3,L2,L3,L3,L1,L1,L1,C3_2,D3_2,F3_1,,,,,
408901,L2,L2,L3,L2,L3,L3,L1,L1,L1,C3_2,D3_2,F3_2,,,,,
408902,L2,L2,L3,L2,L3,L3,L1,L1,L1,C3_2,D3_2,F3_3,,,,,
408903,L2,L2,L3,L2,L3,L3,L1,L1,L1,C3_2,D3_3,F3_1,,,,,
408904,L2,L2,L3,L2,L3,L3,L1,L1,L1,C3_2,D3_3,F3_2,,,,,
408905,L2,L2,L3,L2,L3,L3,L1,L1,L1,C3_2,D3_3,F3_3,,,,,
408906,L2,L2,L3,L2,L3,L3,L1,L1,L1,C3_3,D3_1,F3_1,,,,,
408907,L2,L2,L3,L2,L3,L3,L1,L1,L1,C3_3,D3_1,F3_2,,,,,
408908,L2,L2,L3,L2,L3,L3,L1,L1,L1,C3_3,D3_1,F3_3,,,,,
408909,L2,L2,L3,L2,L3,L3,L1,L1,L1,C3_3,D3_2,F3_1,,,,,
408910,L2,L2,L3,L2,L3,L3,L1,L1,L1,C3_3,D3_2,F3_2,,,,,
408911,L2,L2,L3,L2,L3,L3,L1,L1,L1,C3_3,D3_2,F3_3,,,,,
408912,L2,L2,L3,L2,L3,L3,L1,L1,L1,C3_3,D3_3,F3_1,,,,,
408913,L2,L2,L3,L2,L3,L3,L1,L1,L1,C3_3,D3_3,F3_2,,,,,
408914,L2,L2,L3,L2,L3,L3,L1,L1,L1,C3_3,D3_3,F3_3,,,,,
419472,L1,L1,L2,L2,L1,L3,L1,L1,L1,C3_1,D3_1,F3_1,,,,,
419473,L1,L1,L2,L2,L1,L3,L1,L1,L1,C3_1,D3_1,F3_2,,,,,
419474,L1,L1,L2,L2,L1,L3,L1,L1,L1,C3_1,D3_1,F3_3,,,,,
419475,L1,L1,L2,L2,L1,L3,L1,L1,L1,C3_1,D3_2,F3_1,,,,,
419476,L1,L1,L2,L2,L1,L3,L1,L1,L1,C3_1,D3_2,F3_2,,,,,
419477,L1,L1,L2,L2,L1,L3,L1,L1,L1,C3_1,D3_2,F3_3,,,,,
419478,L1,L1,L2,L2,L1,L3,L1,L1,L1,C3_1,D3_3,F3_1,,,,,
419479,L1,L1,L2,L2,L1,L3,L1,L1,L1,C3_1,D3_3,F3_2,,,,,
419480,L1,L1,L2,L2,L1,L3,L1,L1,L1,C3_1,D3_3,F3_3,,,,,
419481,L1,L1,L2,L2,L1,L3,L1,L1,L1,C3_2,D3_1,F3_1,,,,,
419482,L1,L1,L2,L2,L1,L3,L1,L1,L1,C3_2,D3_1,F3_2,,,,,
419483,L1,L1,L2,L2,L1,L3,L1,L1,L1,C3_2,D3_1,F3_3,,,,,
419484,L1,L1,L2,L2,L1,L3,L1,L1,L1,C3_2,D3_2,F3_1,,,,,
419485,L1,L1,L2,L2,L1,L3,L1,L1,L1,C3_2,D3_2,F3_2,,,,,
419486,L1,L1,L2,L2,L1,L3,L1,L1,L1,C3_2,D3_2,F3_3,,,,,
419487,L1,L1,L2,L2,L1,L3,L1,L1,L1,C3_2,D3_3,F3_1,,,,,
419488,L1,L1,L2,L2,L1,L3,L1,L1,L1,C3_2,D3_3,F3_2,,,,,
419489,L1,L1,L2,L2,L1,L3,L1,L1,L1,C3_2,D3_3,F3_3,,,,,
419490,L1,L1,L2,L2,L1,L3,L1,L1,L1,C3_3,D3_1,F3_1,,,,,
419491,L1,L1,L2,L2,L1,L3,L1,L1,L1,C3_3,D3_1,F3_2,,,,,
419492,L1,L1,L2,L2,L1,L3,L1,L1,L1,C3_3,D3_1,F3_3,,,,,
419493,L1,L1,L2,L2,L1,L3,L1,L1,L1,C3_3,D3_2,F3_1,,,,,
419494,L1,L1,L2,L2,L1,L3,L1,L1,L1,C3_3,D3_2,F3_2,,,,,
419495,L1,L1,L2,L2,L1,L3,L1,L1,L1,C3_3,D3_2,F3_3,,,,,
419496,L1,L1,L2,L2,L1,L3,L1,L1,L1,C3_3,D3_3,F3_1,,,,,
419497,L1,L1,L2,L2,L1,L3,L1,L1,L1,C3_3,D3_3,F3_2,,,,,
419498,L1,L1,L2,L2,L1,L3,L1,L1,L1,C3_3,D3_3,F3_3,,,,,
419823,L3,L3,L2,L2,L3,L3,L1,L1,L1,C3_1,D3_1,F3_1,,,,,
419824,L3,L3,L2,L2,L3,L3,L1,L1,L1,C3_1,D3_1,F3_2,,,,,
419825,L3,L3,L2,L2,L3,L3,L1,L1,L1,C3_1,D3_1,F3_3,,,,,
419826,L3,L3,L2,L2,L3,L3,L1,L1,L1,C3_1,D3_2,F3_1,,,,,
419827,L3,L3,L2,L2,L3,L3,L1,L1,L1,C3_1,D3_2,F3_2,,,,,
419828,L3,L3,L2,L2,L3,L3,L1,L1,L1,C3_1,D3_2,F3_3,,,,,
419829,L3,L3,L2,L2,L3,L3,L1,L1,L1,C3_1,D3_3,F3_1,,,,,
419830,L3,L3,L2,L2,L3,L3,L1,L1,L1,C3_1,D3_3,F3_2,,,,,
419831,L3,L3,L2,L2,L3,L3,L1,L1,L1,C3_1,D3_3,F3_3,,,,,
419832,L3,L3,L2,L2,L3,L3,L1,L1,L1,C3_2,D3_1,F3_1,,,,,
419833,L3,L3,L2,L2,L3,L3,L1,L1,L1,C3_2,D3_1,F3_2,,,,,
419834,L3,L3,L2,L2,L3,L3,L1,L1,L1,C3_2,D3_1,F3_3,,,,,
419835,L3,L3,L2,L2,L3,L3,L1,L1,L1,C3_2,D3_2,F3_1,,,,,
419836,L3,L3,L2,L2,L3,L3,L1,L1,L1,C3_2,D3_2,F3_2,,,,,
419837,L3,L3,L2,L2,L3,L3,L1,L1,L1,C3_2,D3_2,F3_3,,,,,
419838,L3,L3,L2,L2,L3,L3,L1,L1,L1,C3_2,D3_3,F3_1,,,,,
419839,L3,L3,L2,L2,L3,L3,L1,L1,L1,C3_2,D3_3,F3_2,,,,,
419840,L3,L3,L2,L2,L3,L3,L1,L1,L1,C3_2,D3_3,F3_3,,,,,
419841,L3,L3,L2,L2,L3,L3,L1,L1,L1,C3_3,D3_1,F3_1,,,,,
419842,L3,L3,L2,L2,L3,L3,L1,L1,L1,C3_3,D3_1,F3_2,,,,,
419843,L3,L3,L2,L2,L3,L3,L1,L1,L1,C3_3,D3_1,F3_3,,,,,
419844,L3,L3,L2,L2,L3,L3,L1,L1,L1,C3_3,D3_2,F3_1,,,,,
419845,L3,L3,L2,L2,L3,L3,L1,L1,L1,C3_3,D3_2,F3_2,,,,,
419846,L3,L3,L2,L2,L3,L3,L1,L1,L1,C3_3,D3_2,F3_3,,,,,
419847,L3,L3,L2,L2,L3,L3,L1,L1,L1,C3_3,D3_3,F3_1,,,,,
419848,L3,L3,L2,L2,L3,L3,L1,L1,L1,C3_3,D3_3,F3_2,,,,,
419849,L3,L3,L2,L2,L3,L3,L1,L1,L1,C3_3,D3_3,F3_3,,,,,
426735,L3,L1,L2,L1,L1,L3,L1,L1,L1,C3_1,D3_1,F3_1,,,,,
426736,L3,L1,L2,L1,L1,L3,L1,L1,L1,C3_1,D3_1,F3_2,,,,,
426737,L3,L1,L2,L1,L1,L3,L1,L1,L1,C3_1,D3_1,F3_3,,,,,
426738,L3,L1,L2,L1,L1,L3,L1,L1,L1,C3_1,D3_2,F3_1,,,,,
426739,L3,L1,L2,L1,L1,L3,L1,L1,L1,C3_1,D3_2,F3_2,,,,,
426740,L3,L1,L2,L1,L1,L3,L1,L1,L1,C3_1,D3_2,F3_3,,,,,
426741,L3,L1,L2,L1,L1,L3,L1,L1,L1,C3_1,D3_3,F3_1,,,,,
426742,L3,L1,L2,L1,L1,L3,L1,L1,L1,C3_1,D3_3,F3_2,,,,,
426743,L3,L1,L2,L1,L1,L3,L1,L1,L1,C3_1,D3_3,F3_3,,,,,
426744,L3,L1,L2,L1,L1,L3,L1,L1,L1,C3_2,D3_1,F3_1,,,,,
426745,L3,L1,L2,L1,L1,L3,L1,L1,L1,C3_2,D3_1,F3_2,,,,,
426746,L3,L1,L2,L1,L1,L3,L1,L1,L1,C3_2,D3_1,F3_3,,,,,
426747,L3,L1,L2,L1,L1,L3,L1,L1,L1,C3_2,D3_2,F3_1,,,,,
426748,L3,L1,L2,L1,L1,L3,L1,L1,L1,C3_2,D3_2,F3_2,,,,,
426749,L3,L1,L2,L1,L1,L3,L1,L1,L1,C3_2,D3_2,F3_3,,,,,
426750,L3,L1,L2,L1,L1,L3,L1,L1,L1,C3_2,D3_3,F3_1,,,,,
426751,L3,L1,L2,L1,L1,L3,L1,L1,L1,C3_2,D3_3,F3_2,,,,,
426752,L3,L1,L2,L1,L1,L3,L1,L1,L1,C3_2,D3_3,F3_3,,,,,
426753,L3,L1,L2,L1,L1,L3,L1,L1,L1,C3_3,D3_1,F3_1,,,,,
426754,L3,L1,L2,L1,L1,L3,L1,L1,L1,C3_3,D3_1,F3_2,,,,,
426755,L3,L1,L2,L1,L1,L3,L1,L1,L1,C3_3,D3_1,F3_3,,,,,
426756,L3,L1,L2,L1,L1,L3,L1,L1,L1,C3_3,D3_2,F3_1,,,,,
426757,L3,L1,L2,L1,L1,L3,L1,L1,L1,C3_3,D3_2,F3_2,,,,,
426758,L3,L1,L2,L1,L1,L3,L1,L1,L1,C3_3,D3_2,F3_3,,,,,
426759,L3,L1,L2,L1,L1,L3,L1,L1,L1,C3_3,D3_3,F3_1,,,,,
426760,L3,L1,L2,L1,L1,L3,L1,L1,L1,C3_3,D3_3,F3_2,,,,,
426761,L3,L1,L2,L1,L1,L3,L1,L1,L1,C3_3,D3_3,F3_3,,,,,
431784,L3,L1,L2,L3,L2,L3,L1,L1,L1,C3_1,D3_1,F3_1,,,,,
431785,L3,L1,L2,L3,L2,L3,L1,L1,L1,C3_1,D3_1,F3_2,,,,,
431786,L3,L1,L2,L3,L2,L3,L1,L1,L1,C3_1,D3_1,F3_3,,,,,
431787,L3,L1,L2,L3,L2,L3,L1,L1,L1,C3_1,D3_2,F3_1,,,,,
431788,L3,L1,L2,L3,L2,L3,L1,L1,L1,C3_1,D3_2,F3_2,,,,,
431789,L3,L1,L2,L3,L2,L3,L1,L1,L1,C3_1,D3_2,F3_3,,,,,
431790,L3,L1,L2,L3,L2,L3,L1,L1,L1,C3_1,D3_3,F3_1,,,,,
431791,L3,L1,L2,L3,L2,L3,L1,L1,L1,C3_1,D3_3,F3_2,,,,,
431792,L3,L1,L2,L3,L2,L3,L1,L1,L1,C3_1,D3_3,F3_3,,,,,
431793,L3,L1,L2,L3,L2,L3,L1,L1,L1,C3_2,D3_1,F3_1,,,,,
431794,L3,L1,L2,L3,L2,L3,L1,L1,L1,C3_2,D3_1,F3_2,,,,,
431795,L3,L1,L2,L3,L2,L3,L1,L1,L1,C3_2,D3_1,F3_3,,,,,
431796,L3,L1,L2,L3,L2,L3,L1,L1,L1,C3_2,D3_2,F3_1,,,,,
431797,L3,L1,L2,L3,L2,L3,L1,L1,L1,C3_2,D3_2,F3_2,,,,,
431798,L3,L1,L2,L3,L2,L3,L1,L1,L1,C3_2,D3_2,F3_3,,,,,
431799,L3,L1,L2,L3,L2,L3,L1,L1,L1,C3_2,D3_3,F3_1,,,,,
431800,L3,L1,L2,L3,L2,L3,L1,L1,L1,C3_2,D3_3,F3_2,,,,,
431801,L3,L1,L2,L3,L2,L3,L1,L1,L1,C3_2,D3_3,F3_3,,,,,
431802,L3,L1,L2,L3,L2,L3,L1,L1,L1,C3_3,D3_1,F3_1,,,,,
431803,L3,L1,L2,L3,L2,L3,L1,L1,L1,C3_3,D3_1,F3_2,,,,,
431804,L3,L1,L2,L3,L2,L3,L1,L1,L1,C3_3,D3_1,F3_3,,,,,
431805,L3,L1,L2,L3,L2,L3,L1,L1,L1,C3_3,D3_2,F3_1,,,,,
431806,L3,L1,L2,L3,L2,L3,L1,L1,L1,C3_3,D3_2,F3_2,,,,,
431807,L3,L1,L2,L3,L2,L3,L1,L1,L1,C3_3,D3_2,F3_3,,,,,
431808,L3,L1,L2,L3,L2,L3,L1,L1,L1,C3_3,D3_3,F3_1,,,,,
431809,L3,L1,L2,L3,L2,L3,L1,L1,L1,C3_3,D3_3,F3_2,,,,,
431810,L3,L1,L2,L3,L2,L3,L1,L1,L1,C3_3,D3_3,F3_3,,,,,
443907,L1,L1,L3,L2,L2,L3,L1,L1,L1,C3_1,D3_1,F3_1,,,,,
443908,L1,L1,L3,L2,L2,L3,L1,L1,L1,C3_1,D3_1,F3_2,,,,,
443909,L1,L1,L3,L2,L2,L3,L1,L1,L1,C3_1,D3_1,F3_3,,,,,
443910,L1,L1,L3,L2,L2,L3,L1,L1,L1,C3_1,D3_2,F3_1,,,,,
443911,L1,L1,L3,L2,L2,L3,L1,L1,L1,C3_1,D3_2,F3_2,,,,,
443912,L1,L1,L3,L2,L2,L3,L1,L1,L1,C3_1,D3_2,F3_3,,,,,
443913,L1,L1,L3,L2,L2,L3,L1,L1,L1,C3_1,D3_3,F3_1,,,,,
443914,L1,L1,L3,L2,L2,L3,L1,L1,L1,C3_1,D3_3,F3_2,,,,,
443915,L1,L1,L3,L2,L2,L3,L1,L1,L1,C3_1,D3_3,F3_3,,,,,
443916,L1,L1,L3,L2,L2,L3,L1,L1,L1,C3_2,D3_1,F3_1,,,,,
443917,L1,L1,L3,L2,L2,L3,L1,L1,L1,C3_2,D3_1,F3_2,,,,,
443918,L1,L1,L3,L2,L2,L3,L1,L1,L1,C3_2,D3_1,F3_3,,,,,
443919,L1,L1,L3,L2,L2,L3,L1,L1,L1,C3_2,D3_2,F3_1,,,,,
443920,L1,L1,L3,L2,L2,L3,L1,L1,L1,C3_2,D3_2,F3_2,,,,,
443921,L1,L1,L3,L2,L2,L3,L1,L1,L1,C3_2,D3_2,F3_3,,,,,
443922,L1,L1,L3,L2,L2,L3,L1,L1,L1,C3_2,D3_3,F3_1,,,,,
443923,L1,L1,L3,L2,L2,L3,L1,L1,L1,C3_2,D3_3,F3_2,,,,,
443924,L1,L1,L3,L2,L2,L3,L1,L1,L1,C3_2,D3_3,F3_3,,,,,
443925,L1,L1,L3,L2,L2,L3,L1,L1,L1,C3_3,D3_1,F3_1,,,,,
443926,L1,L1,L3,L2,L2,L3,L1,L1,L1,C3_3,D3_1,F3_2,,,,,
443927,L1,L1,L3,L2,L2,L3,L1,L1,L1,C3_3,D3_1,F3_3,,,,,
443928,L1,L1,L3,L2,L2,L3,L1,L1,L1,C3_3,D3_2,F3_1,,,,,
443929,L1,L1,L3,L2,L2,L3,L1,L1,L1,C3_3,D3_2,F3_2,,,,,
443930,L1,L1,L3,L2,L2,L3,L1,L1,L1,C3_3,D3_2,F3_3,,,,,
443931,L1,L1,L3,L2,L2,L3,L1,L1,L1,C3_3,D3_3,F3_1,,,,,
443932,L1,L1,L3,L2,L2,L3,L1,L1,L1,C3_3,D3_3,F3_2,,,,,
443933,L1,L1,L3,L2,L2,L3,L1,L1,L1,C3_3,D3_3,F3_3,,,,,
456408,L1,L1,L2,L3,L3,L3,L1,L1,L1,C3_1,D3_1,F3_1,,,,,
456409,L1,L1,L2,L3,L3,L3,L1,L1,L1,C3_1,D3_1,F3_2,,,,,
456410,L1,L1,L2,L3,L3,L3,L1,L1,L1,C3_1,D3_1,F3_3,,,,,
456411,L1,L1,L2,L3,L3,L3,L1,L1,L1,C3_1,D3_2,F3_1,,,,,
456412,L1,L1,L2,L3,L3,L3,L1,L1,L1,C3_1,D3_2,F3_2,,,,,
456413,L1,L1,L2,L3,L3,L3,L1,L1,L1,C3_1,D3_2,F3_3,,,,,
456414,L1,L1,L2,L3,L3,L3,L1,L1,L1,C3_1,D3_3,F3_1,,,,,
456415,L1,L1,L2,L3,L3,L3,L1,L1,L1,C3_1,D3_3,F3_2,,,,,
456416,L1,L1,L2,L3,L3,L3,L1,L1,L1,C3_1,D3_3,F3_3,,,,,
456417,L1,L1,L2,L3,L3,L3,L1,L1,L1,C3_2,D3_1,F3_1,,,,,
456418,L1,L1,L2,L3,L3,L3,L1,L1,L1,C3_2,D3_1,F3_2,,,,,
456419,L1,L1,L2,L3,L3,L3,L1,L1,L1,C3_2,D3_1,F3_3,,,,,
456420,L1,L1,L2,L3,L3,L3,L1,L1,L1,C3_2,D3_2,F3_1,,,,,
456421,L1,L1,L2,L3,L3,L3,L1,L1,L1,C3_2,D3_2,F3_2,,,,,
456422,L1,L1,L2,L3,L3,L3,L1,L1,L1,C3_2,D3_2,F3_3,,,,,
456423,L1,L1,L2,L3,L3,L3,L1,L1,L1,C3_2,D3_3,F3_1,,,,,
456424,L1,L1,L2,L3,L3,L3,L1,L1,L1,C3_2,D3_3,F3_2,,,,,
456425,L1,L1,L2,L3,L3,L3,L1,L1,L1,C3_2,D3_3,F3_3,,,,,
456426,L1,L1,L2,L3,L3,L3,L1,L1,L1,C3_3,D3_1,F3_1,,,,,
456427,L1,L1,L2,L3,L3,L3,L1,L1,L1,C3_3,D3_1,F3_2,,,,,
456428,L1,L1,L2,L3,L3,L3,L1,L1,L1,C3_3,D3_1,F3_3,,,,,
456429,L1,L1,L2,L3,L3,L3,L1,L1,L1,C3_3,D3_2,F3_1,,,,,
456430,L1,L1,L2,L3,L3,L3,L1,L1,L1,C3_3,D3_2,F3_2,,,,,
456431,L1,L1,L2,L3,L3,L3,L1,L1,L1,C3_3,D3_2,F3_3,,,,,
456432,L1,L1,L2,L3,L3,L3,L1,L1,L1,C3_3,D3_3,F3_1,,,,,
456433,L1,L1,L2,L3,L3,L3,L1,L1,L1,C3_3,D3_3,F3_2,,,,,
456434,L1,L1,L2,L3,L3,L3,L1,L1,L1,C3_3,D3_3,F3_3,,,,,
483489,L1,L3,L1,L3,L2,L3,L1,L1,L1,C3_1,D3_1,F3_1,,,,,
483490,L1,L3,L1,L3,L2,L3,L1,L1,L1,C3_1,D3_1,F3_2,,,,,
483491,L1,L3,L1,L3,L2,L3,L1,L1,L1,C3_1,D3_1,F3_3,,,,,
483492,L1,L3,L1,L3,L2,L3,L1,L1,L1,C3_1,D3_2,F3_1,,,,,
483493,L1,L3,L1,L3,L2,L3,L1,L1,L1,C3_1,D3_2,F3_2,,,,,
483494,L1,L3,L1,L3,L2,L3,L1,L1,L1,C3_1,D3_2,F3_3,,,,,
483495,L1,L3,L1,L3,L2,L3,L1,L1,L1,C3_1,D3_3,F3_1,,,,,
483496,L1,L3,L1,L3,L2,L3,L1,L1,L1,C3_1,D3_3,F3_2,,,,,
483497,L1,L3,L1,L3,L2,L3,L1,L1,L1,C3_1,D3_3,F3_3,,,,,
483498,L1,L3,L1,L3,L2,L3,L1,L1,L1,C3_2,D3_1,F3_1,,,,,
483499,L1,L3,L1,L3,L2,L3,L1,L1,L1,C3_2,D3_1,F3_2,,,,,
483500,L1,L3,L1,L3,L2,L3,L1,L1,L1,C3_2,D3_1,F3_3,,,,,
483501,L1,L3,L1,L3,L2,L3,L1,L1,L1,C3_2,D3_2,F3_1,,,,,
483502,L1,L3,L1,L3,L2,L3,L1,L1,L1,C3_2,D3_2,F3_2,,,,,
483503,L1,L3,L1,L3,L2,L3,L1,L1,L1,C3_2,D3_2,F3_3,,,,,
483504,L1,L3,L1,L3,L2,L3,L1,L1,L1,C3_2,D3_3,F3_1,,,,,
483505,L1,L3,L1,L3,L2,L3,L1,L1,L1,C3_2,D3_3,F3_2,,,,,
483506,L1,L3,L1,L3,L2,L3,L1,L1,L1,C3_2,D3_3,F3_3,,,,,
483507,L1,L3,L1,L3,L2,L3,L1,L1,L1,C3_3,D3_1,F3_1,,,,,
483508,L1,L3,L1,L3,L2,L3,L1,L1,L1,C3_3,D3_1,F3_2,,,,,
483509,L1,L3,L1,L3,L2,L3,L1,L1,L1,C3_3,D3_1,F3_3,,,,,
483510,L1,L3,L1,L3,L2,L3,L1,L1,L1,C3_3,D3_2,F3_1,,,,,
483511,L1,L3,L1,L3,L2,L3,L1,L1,L1,C3_3,D3_2,F3_2,,,,,
483512,L1,L3,L1,L3,L2,L3,L1,L1,L1,C3_3,D3_2,F3_3,,,,,
483513,L1,L3,L1,L3,L2,L3,L1,L1,L1,C3_3,D3_3,F3_1,,,,,
483514,L1,L3,L1,L3,L2,L3,L1,L1,L1,C3_3,D3_3,F3_2,,,,,
483515,L1,L3,L1,L3,L2,L3,L1,L1,L1,C3_3,D3_3,F3_3,,,,,
490590,L1,L2,L3,L3,L1,L3,L1,L1,L1,C3_1,D3_1,F3_1,,,,,
490591,L1,L2,L3,L3,L1,L3,L1,L1,L1,C3_1,D3_1,F3_2,,,,,
490592,L1,L2,L3,L3,L1,L3,L1,L1,L1,C3_1,D3_1,F3_3,,,,,
490593,L1,L2,L3,L3,L1,L3,L1,L1,L1,C3_1,D3_2,F3_1,,,,,
490594,L1,L2,L3,L3,L1,L3,L1,L1,L1,C3_1,D3_2,F3_2,,,,,
490595,L1,L2,L3,L3,L1,L3,L1,L1,L1,C3_1,D3_2,F3_3,,,,,
490596,L1,L2,L3,L3,L1,L3,L1,L1,L1,C3_1,D3_3,F3_1,,,,,
490597,L1,L2,L3,L3,L1,L3,L1,L1,L1,C3_1,D3_3,F3_2,,,,,
490598,L1,L2,L3,L3,L1,L3,L1,L1,L1,C3_1,D3_3,F3_3,,,,,
490599,L1,L2,L3,L3,L1,L3,L1,L1,L1,C3_2,D3_1,F3_1,,,,,
490600,L1,L2,L3,L3,L1,L3,L1,L1,L1,C3_2,D3_1,F3_2,,,,,
490601,L1,L2,L3,L3,L1,L3,L1,L1,L1,C3_2,D3_1,F3_3,,,,,
490602,L1,L2,L3,L3,L1,L3,L1,L1,L1,C3_2,D3_2,F3_1,,,,,
490603,L1,L2,L3,L3,L1,L3,L1,L1,L1,C3_2,D3_2,F3_2,,,,,
490604,L1,L2,L3,L3,L1,L3,L1,L1,L1,C3_2,D3_2,F3_3,,,,,
490605,L1,L2,L3,L3,L1,L3,L1,L1,L1,C3_2,D3_3,F3_1,,,,,
490606,L1,L2,L3,L3,L1,L3,L1,L1,L1,C3_2,D3_3,F3_2,,,,,
490607,L1,L2,L3,L3,L1,L3,L1,L1,L1,C3_2,D3_3,F3_3,,,,,
490608,L1,L2,L3,L3,L1,L3,L1,L1,L1,C3_3,D3_1,F3_1,,,,,
490609,L1,L2,L3,L3,L1,L3,L1,L1,L1,C3_3,D3_1,F3_2,,,,,
490610,L1,L2,L3,L3,L1,L3,L1,L1,L1,C3_3,D3_1,F3_3,,,,,
490611,L1,L2,L3,L3,L1,L3,L1,L1,L1,C3_3,D3_2,F3_1,,,,,
490612,L1,L2,L3,L3,L1,L3,L1,L1,L1,C3_3,D3_2,F3_2,,,,,
490613,L1,L2,L3,L3,L1,L3,L1,L1,L1,C3_3,D3_2,F3_3,,,,,
490614,L1,L2,L3,L3,L1,L3,L1,L1,L1,C3_3,D3_3,F3_1,,,,,
490615,L1,L2,L3,L3,L1,L3,L1,L1,L1,C3_3,D3_3,F3_2,,,,,
490616,L1,L2,L3,L3,L1,L3,L1,L1,L1,C3_3,D3_3,F3_3,,,,,
